,Link,Overall Grade,Public Schools,Housing,Nightlife,Good for Families,Diversity,Jobs,Weather,Cost of Living,Health & Fitness,Outdoor Activities,Commute,Summary,Population,Median Home Value,Median Rent,Median Household Income,Median Home Value vs. National,Median Rent vs. National,Median Household Income vs. National,Rent,Own,Assault,Assault vs. National,Murder,Murder vs. National,Rape,Rape vs. National,Robbery,Robbery vs. National,Burglary,Burglary vs. National,Theft,Theft vs. National,Motor Vehicle Theft,Motor Vehicle Theft vs. National,<10 years,10-17 years,18-24 years,25-34 years,35-44 years,45-54 years,55-64 years,65+ years,Master's degree or higher,Master's degree or higher vs. National,Bachelor's degree,Bachelor's degree vs. National,Some college or associate's degree,Some college or associate's degree vs. National,High school diploma or equivalent,High school diploma or equivalent vs. National,Less than high school diploma,Less than high school diploma vs. National,Overall rating,Total reviews,5-star ratings,4-star ratings,3-star ratings,2-star ratings,1-star ratings,Unemployment Rate,Poverty Rate,Non-Citizens,Hispanic,White,Two or more races,African American,Asian,American Indian or Alaska native,Other race,Hawaiian or other Pacific Islander,Male,Female,<$25k,$25-$44k,$45-$74k,$75-$149k,$150k+,<$15k,$15-$34k,$35-$64k,$65k+
0,https://www.niche.com/places-to-live/c/colfax-county-nm/,B minus,B minus,C+,B,B minus,A minus,C+,B minus,B minus,B minus,A minus,A minus,"Colfax County is located in New Mexico with a population of 12,168. In Colfax County, most residents own their homes. Many young professionals and retirees live in Colfax County and residents tend to lean conservative.",12168,104800,676,36302,-0.5181609195402299,-0.3634651600753296,-0.4223382079149627,0.29,0.71,304.3,0.07640608418818551,0,-1.0,0,-1.0,11.3,-0.9166051660516605,1138.4,1.2763447310537894,1769.6,-0.13373800665752889,293.1,0.032042253521126884,0.11,0.07,0.06,0.1,0.1,0.11,0.17,0.27,0.09,-0.25,0.12,-0.4,0.37,0.27586206896551735,0.29,0.07407407407407396,0.12,0.0,,,,,,,,0.033,0.19699999999999998,0.013000000000000001,0.49,0.47,0.02,0.01,0.0,0.0,0.0,0.0,0.51,0.49,0.35,0.23,0.21,0.19,0.03,0.32,0.37,0.21,0.1
0,https://www.niche.com/places-to-live/c/henry-county-in/,B minus,B,B+,B+,B minus,C+,B minus,C+,A minus,B+,B,C+,"Henry County is located in Indiana with a population of 48,255. In Henry County, most residents own their homes. Many retirees live in Henry County and residents tend to be conservative.",48255,100400,721,49832,-0.5383908045977012,-0.3210922787193974,-0.207039765765479,0.27,0.73,,,,,,,,,,,,,,,0.11,0.1,0.08,0.12,0.12,0.14,0.14,0.19,0.06,-0.5,0.11,-0.45000000000000007,0.29,0.0,0.44,0.6296296296296295,0.11,-0.08333333333333326,2,2,0,0,1,0,1,0.032,0.15,0.003,0.02,0.93,0.01,0.02,0.0,0.0,0.0,0.0,0.53,0.47,0.22,0.23,0.28,0.23,0.05,0.31,0.32,0.27,0.1
0,https://www.niche.com/places-to-live/c/washington-county-oh/,B minus,B minus,B,B+,B minus,C,B,B,A minus,B,B,B,"Washington County is located in Ohio with a population of 60,426. In Washington County, most residents own their homes. Many retirees live in Washington County and residents tend to be conservative.",60426,132400,668,50021,-0.391264367816092,-0.3709981167608286,-0.20403227089731557,0.26,0.74,59.9,-0.7881146091262823,0,-1.0,54.9,0.3488943488943488,10,-0.9261992619926199,259.4,-0.48130373925214964,1262,-0.38222048169179557,104.7,-0.6313380281690141,0.1,0.1,0.09,0.11,0.11,0.13,0.16,0.2,0.07,-0.41666666666666663,0.12,-0.4,0.32,0.10344827586206917,0.4,0.4814814814814814,0.09,-0.25,4,2,,,,,,0.023,0.139,0.008,0.01,0.95,0.01,0.01,0.01,0.0,0.0,0.0,0.49,0.51,0.24,0.22,0.23,0.25,0.06,0.31,0.31,0.24,0.14
0,https://www.niche.com/places-to-live/c/little-river-county-ar/,B minus,B minus,A minus,C minus,B minus,B+,C+,B,A,C minus,C,C+,"Little River County is located in Arkansas with a population of 12,347. In Little River County, most residents own their homes. Many retirees live in Little River County and residents tend to be conservative.",12347,77900,601,45113,-0.6418390804597701,-0.4340866290018832,-0.2821316614420063,0.28,0.72,248.1,-0.12239122744959319,45.1,6.39344262295082,45.1,0.10810810810810811,22.6,-0.8332103321033211,924.9,0.8494301139772045,3045.3,0.4907479929508518,203,-0.28521126760563376,0.11,0.11,0.07,0.11,0.13,0.13,0.14,0.21,0.04,-0.6666666666666666,0.08,-0.6000000000000001,0.32,0.10344827586206917,0.45,0.6666666666666665,0.11,-0.08333333333333326,,,,,,,,0.055999999999999994,0.163,0.001,0.02,0.73,0.02,0.22,0.0,0.01,0.0,0.0,0.48,0.52,0.31,0.19,0.23,0.23,0.04,0.29,0.35,0.23,0.12
0,https://www.niche.com/places-to-live/c/lincoln-county-nm/,B minus,B,C,B minus,B minus,B+,C+,A minus,C,A minus,A minus,B+,"Lincoln County is located in New Mexico with a population of 19,461. In Lincoln County, most residents own their homes. Many retirees live in Lincoln County and residents tend to be conservative.",19461,193900,697,46216,-0.10850574712643679,-0.3436911487758946,-0.264579985042089,0.19,0.81,485.2,0.7163070392642377,0,-1.0,39.8,-0.02211302211302224,15.9,-0.8826568265682657,874.9,0.7494501099780042,1813.4,-0.11229684746426472,143.2,-0.49577464788732395,0.1,0.09,0.06,0.09,0.1,0.11,0.17,0.28,0.08,-0.33333333333333326,0.18,-0.10000000000000009,0.34,0.1724137931034484,0.3,0.11111111111111094,0.11,-0.08333333333333326,,,,,,,,0.022000000000000002,0.107,0.042,0.33,0.65,0.01,0.01,0.0,0.01,0.0,0.0,0.49,0.51,0.24,0.25,0.21,0.23,0.06,0.28,0.39,0.21,0.12
0,https://www.niche.com/places-to-live/c/lawrence-county-pa/,B minus,B,B,A minus,B,C+,B minus,C minus,B+,B,B,B,"Lawrence County is located in Pennsylvania with a population of 86,727. In Lawrence County, most residents own their homes. Many retirees live in Lawrence County and residents tend to be conservative.",86727,111300,696,50204,-0.48827586206896556,-0.34463276836158196,-0.2011202520567128,0.25,0.75,90.9,-0.6784577290413866,1.4,-0.7704918032786885,8.3,-0.7960687960687961,75.8,-0.44059040590405907,417.3,-0.1655668866226755,1104.6,-0.4592715880164481,52.3,-0.8158450704225353,0.1,0.09,0.08,0.11,0.11,0.13,0.16,0.22,0.07,-0.41666666666666663,0.15,-0.2500000000000001,0.25,-0.13793103448275856,0.43,0.5925925925925926,0.09,-0.25,,,,,,,,0.038,0.13699999999999998,0.005,0.01,0.92,0.02,0.04,0.0,0.0,0.0,0.0,0.48,0.52,0.25,0.21,0.22,0.24,0.07,0.3,0.33,0.23,0.15
0,https://www.niche.com/places-to-live/c/turner-county-sd/,B minus,B minus,A minus,B,B minus,C,B+,C,A minus,B minus,C minus,B minus,"Turner County is located in South Dakota with a population of 8,300. In Turner County, most residents own their homes. Many retirees live in Turner County and residents tend to be conservative.",8300,122400,661,59242,-0.4372413793103448,-0.37758945386064036,-0.057301529207708146,0.22,0.78,263.9,-0.06650159179342063,0,-1.0,0,-1.0,0,-1.0,0,-1.0,131.9,-0.9354317603289602,0,-1.0,0.13,0.11,0.06,0.1,0.12,0.12,0.15,0.21,0.07,-0.41666666666666663,0.17,-0.15000000000000002,0.35,0.2068965517241379,0.34,0.2592592592592593,0.08,-0.33333333333333326,,,,,,,,0.013999999999999999,0.109,0.008,0.02,0.95,0.01,0.0,0.0,0.0,0.0,0.0,0.5,0.5,0.21,0.17,0.24,0.32,0.06,0.25,0.29,0.32,0.14
0,https://www.niche.com/places-to-live/c/emanuel-county-ga/,B minus,C+,B minus,C+,B minus,A minus,B minus,A minus,A minus,B minus,B,B minus,"Emanuel County is located in Georgia with a population of 22,533. In Emanuel County, most residents own their homes. Many families live in Emanuel County and residents tend to be conservative.",22533,73100,619,37453,-0.6639080459770115,-0.4171374764595104,-0.40402272329455946,0.36,0.64,775.2,1.7421294658648745,37.5,5.147540983606557,37.5,-0.07862407862407872,87.5,-0.35424354243542433,362.6,-0.27494501099780044,4126,1.0197767769727824,112.5,-0.6038732394366197,0.13,0.12,0.09,0.14,0.12,0.12,0.13,0.16,0.07,-0.41666666666666663,0.06,-0.7,0.25,-0.13793103448275856,0.41,0.5185185185185184,0.21,0.75,,,,,,,,0.038,0.21600000000000003,0.02,0.05,0.59,0.02,0.34,0.0,0.0,0.0,0.0,0.49,0.51,0.34,0.26,0.18,0.19,0.03,0.37,0.34,0.21,0.08
0,https://www.niche.com/places-to-live/c/clay-county-tx/,B minus,B+,A,D,B,C+,B,B,A minus,C,C minus,C,"Clay County is located in Texas with a population of 10,403. In Clay County, most residents own their homes. Many retirees live in Clay County and residents tend to be conservative.",10403,101000,737,55989,-0.535632183908046,-0.3060263653483992,-0.10906544881689284,0.16,0.84,,,,,,,,,,,,,,,0.1,0.1,0.07,0.1,0.11,0.13,0.16,0.23,0.06,-0.5,0.15,-0.2500000000000001,0.32,0.10344827586206917,0.37,0.37037037037037024,0.09,-0.25,5,1,1,0,0,0,0,0.03,0.12,0.027999999999999997,0.06,0.9,0.01,0.0,0.01,0.01,0.0,0.0,0.5,0.5,0.21,0.2,0.21,0.29,0.09,0.29,0.31,0.24,0.17
0,https://www.niche.com/places-to-live/c/delaware-county-ia/,B minus,A minus,B+,B,B,C,B+,C,A minus,C+,B minus,B,"Delaware County is located in Iowa with a population of 17,183. In Delaware County, most residents own their homes. Many retirees live in Delaware County and residents tend to be conservative.",17183,136100,621,63750,-0.37425287356321835,-0.4152542372881356,0.014432792832932861,0.16,0.84,298.1,0.054474708171206254,0,-1.0,79.5,0.9533169533169532,19.9,-0.8531365313653136,516.7,0.03319336132773443,1550.1,-0.24118856471509698,119.2,-0.5802816901408451,0.13,0.11,0.07,0.09,0.11,0.13,0.16,0.19,0.05,-0.5833333333333333,0.12,-0.4,0.32,0.10344827586206917,0.43,0.5925925925925926,0.08,-0.33333333333333326,5,1,1,0,0,0,0,0.013999999999999999,0.092,0.004,0.02,0.97,0.01,0.0,0.0,0.0,0.0,0.0,0.5,0.5,0.16,0.18,0.26,0.33,0.07,0.26,0.29,0.31,0.15
0,https://www.niche.com/places-to-live/c/mason-county-ky/,B minus,B,B+,A minus,B minus,B minus,B,C,A minus,B minus,C,B,"Mason County is located in Kentucky with a population of 17,112. In Mason County, most residents own their homes. Many families live in Mason County and residents tend to be conservative.",17112,132800,661,45377,-0.38942528735632187,-0.37758945386064036,-0.2779307162293334,0.32,0.68,124.4,-0.559957552175451,0,-1.0,45.2,0.11056511056511065,22.6,-0.8332103321033211,633.4,0.2665466906618674,2884.3,0.41193459956921874,192.3,-0.32288732394366193,0.13,0.1,0.09,0.12,0.11,0.14,0.14,0.17,0.09,-0.25,0.1,-0.5,0.32,0.10344827586206917,0.35,0.29629629629629606,0.14,0.16666666666666674,,,,,,,,0.028999999999999998,0.17600000000000002,0.021,0.02,0.89,0.02,0.06,0.01,0.0,0.0,0.0,0.5,0.5,0.3,0.2,0.17,0.24,0.09,0.32,0.31,0.23,0.15
0,https://www.niche.com/places-to-live/c/menominee-county-mi/,B minus,B minus,B+,B,B minus,C,B,C minus,A,B,B+,B+,"Menominee County is located in Michigan with a population of 23,074. In Menominee County, most residents own their homes. Many retirees live in Menominee County and residents tend to be conservative.",23074,101600,578,46828,-0.5328735632183907,-0.455743879472693,-0.2548414302308929,0.22,0.78,255.2,-0.09727626459143968,0,-1.0,72.9,0.7911547911547911,12.2,-0.9099630996309963,279.5,-0.4411117776444712,1215.1,-0.40517916585079305,48.6,-0.8288732394366197,0.09,0.09,0.07,0.09,0.11,0.13,0.17,0.24,0.05,-0.5833333333333333,0.11,-0.45000000000000007,0.34,0.1724137931034484,0.42,0.5555555555555554,0.07,-0.41666666666666663,4,1,0,1,0,0,0,0.027000000000000003,0.127,0.005,0.02,0.93,0.02,0.0,0.0,0.02,0.0,0.0,0.51,0.49,0.25,0.23,0.27,0.21,0.04,0.3,0.34,0.26,0.1
0,https://www.niche.com/places-to-live/c/jefferson-county-ks/,B minus,B,B+,B,B,C,B,B minus,B+,B,B minus,C minus,"Jefferson County is located in Kansas with a population of 18,890. In Jefferson County, most residents own their homes. Residents of Jefferson County tend to be conservative.",18890,150600,760,64864,-0.3075862068965517,-0.2843691148775894,0.03215950861671146,0.16,0.84,115.7,-0.5907322249734701,0,-1.0,0,-1.0,38.6,-0.7151291512915129,308.5,-0.383123375324935,1465.5,-0.2826023105541413,231.4,-0.18521126760563378,0.12,0.11,0.07,0.11,0.11,0.14,0.16,0.18,0.07,-0.41666666666666663,0.16,-0.20000000000000007,0.31,0.06896551724137945,0.4,0.4814814814814814,0.06,-0.5,,,,,,,,0.024,0.075,0.003,0.03,0.94,0.02,0.01,0.0,0.01,0.0,0.0,0.51,0.49,0.14,0.16,0.27,0.34,0.09,0.2,0.29,0.35,0.16
0,https://www.niche.com/places-to-live/c/lafayette-county-wi/,B minus,B+,B,B+,B,C,A minus,C,B+,C+,B+,C+,"Lafayette County is located in Wisconsin with a population of 16,715. In Lafayette County, most residents own their homes. Residents of Lafayette County tend to have moderate political views.",16715,140000,713,60691,-0.3563218390804598,-0.3286252354048964,-0.03424406855178774,0.24,0.76,160.1,-0.4336752741422002,0,-1.0,22.9,-0.4373464373464374,0,-1.0,160.1,-0.6798640271945611,777.5,-0.6193949481104366,0,-1.0,0.13,0.11,0.07,0.11,0.11,0.13,0.16,0.18,0.06,-0.5,0.13,-0.35,0.31,0.06896551724137945,0.41,0.5185185185185184,0.09,-0.25,,,,,,,,0.013999999999999999,0.11,0.019,0.04,0.94,0.01,0.01,0.01,0.0,0.0,0.0,0.51,0.49,0.19,0.18,0.27,0.3,0.06,0.24,0.31,0.31,0.14
0,https://www.niche.com/places-to-live/c/fremont-county-ia/,B minus,B minus,B+,B+,B minus,C,B minus,B minus,A minus,C+,B,B minus,"Fremont County is located in Iowa with a population of 6,946. In Fremont County, most residents own their homes. Many retirees live in Fremont County and residents tend to be conservative.",6946,109300,661,56750,-0.4974712643678161,-0.37758945386064036,-0.09695590598793824,0.24,0.76,,,,,,,,,,,,,,,0.11,0.11,0.06,0.09,0.11,0.12,0.17,0.22,0.06,-0.5,0.13,-0.35,0.4,0.3793103448275863,0.34,0.2592592592592593,0.08,-0.33333333333333326,,,,,,,,0.022000000000000002,0.105,0.009000000000000001,0.03,0.95,0.01,0.01,0.0,0.01,0.0,0.0,0.5,0.5,0.19,0.19,0.27,0.28,0.07,0.26,0.31,0.3,0.14
0,https://www.niche.com/places-to-live/c/clarke-county-al/,B minus,B minus,B,C,B,A minus,C+,B,A minus,C+,B,C+,"Clarke County is located in Alabama with a population of 24,128. In Clarke County, most residents own their homes. Many retirees live in Clarke County and residents tend to lean conservative.",24128,112500,555,37404,-0.48275862068965514,-0.4774011299435028,-0.4048024441863055,0.3,0.7,532.3,0.8829147506190307,0,-1.0,68,0.6707616707616706,22.7,-0.8324723247232473,702.2,0.4041191761647671,2661.7,0.3029665165459172,192.5,-0.32218309859154926,0.11,0.11,0.09,0.11,0.12,0.13,0.14,0.19,0.05,-0.5833333333333333,0.07,-0.6499999999999999,0.27,-0.06896551724137923,0.42,0.5555555555555554,0.19,0.5833333333333335,3,3,0,0,3,0,0,0.055999999999999994,0.231,0.001,0.0,0.53,0.01,0.46,0.0,0.0,0.0,0.0,0.47,0.53,0.37,0.19,0.19,0.18,0.07,0.37,0.28,0.21,0.13
0,https://www.niche.com/places-to-live/c/schuyler-county-il/,B minus,C+,B,B+,B minus,C+,B minus,B minus,A minus,B minus,B,C,"Schuyler County is located in Illinois with a population of 6,953. In Schuyler County, most residents own their homes. Many retirees live in Schuyler County and residents tend to be conservative.",6953,86600,672,52357,-0.6018390804597702,-0.36723163841807904,-0.16686027083366484,0.24,0.76,139.1,-0.507958967102936,0,-1.0,34.8,-0.1449631449631451,0,-1.0,104.3,-0.7914417116576685,973.9,-0.5232523986684943,34.8,-0.8774647887323944,0.08,0.1,0.07,0.1,0.13,0.15,0.15,0.22,0.07,-0.41666666666666663,0.14,-0.29999999999999993,0.33,0.13793103448275867,0.36,0.33333333333333326,0.11,-0.08333333333333326,,,,,,,,0.040999999999999995,0.19,0.028999999999999998,0.01,0.89,0.01,0.09,0.0,0.0,0.0,0.0,0.52,0.48,0.19,0.26,0.26,0.25,0.05,0.28,0.31,0.3,0.12
0,https://www.niche.com/places-to-live/c/kane-county-ut/,B minus,B+,B minus,C+,B minus,C+,B+,B,C minus,A minus,B+,A,"Kane County is located in Utah with a population of 7,484. In Kane County, most residents own their homes. Many young professionals and retirees live in Kane County and residents tend to be conservative.",7484,204900,925,47044,-0.0579310344827586,-0.1290018832391714,-0.25140429323870594,0.23,0.77,99.2,-0.6490979837283339,0,-1.0,19.8,-0.5135135135135136,0,-1.0,99.2,-0.801639672065587,654.5,-0.6796064225572743,39.7,-0.8602112676056338,0.12,0.12,0.05,0.13,0.1,0.11,0.14,0.23,0.12,0.0,0.18,-0.10000000000000009,0.41,0.4137931034482758,0.22,-0.18518518518518523,0.08,-0.33333333333333326,4,1,0,1,0,0,0,0.02,0.124,0.003,0.05,0.91,0.02,0.0,0.0,0.02,0.0,0.0,0.5,0.5,0.22,0.25,0.19,0.3,0.04,0.33,0.3,0.26,0.11
0,https://www.niche.com/places-to-live/c/otsego-county-mi/,B minus,B,B,B,B minus,C,B,D+,B+,B+,B,B,"Otsego County is located in Michigan with a population of 24,490. In Otsego County, most residents own their homes. Many young professionals and retirees live in Otsego County and residents tend to be conservative.",24490,139500,768,54332,-0.35862068965517246,-0.2768361581920904,-0.1354327450949191,0.21,0.79,324.6,0.14821365405023013,0,-1.0,54.1,0.3292383292383292,0,-1.0,622.1,0.2439512097580483,7898.3,2.8664088505972196,162.3,-0.4285211267605633,0.11,0.1,0.08,0.11,0.1,0.14,0.15,0.21,0.08,-0.33333333333333326,0.15,-0.2500000000000001,0.35,0.2068965517241379,0.33,0.2222222222222221,0.08,-0.33333333333333326,,,,,,,,0.033,0.133,0.003,0.02,0.95,0.02,0.01,0.01,0.0,0.0,0.0,0.5,0.5,0.19,0.23,0.26,0.27,0.05,0.29,0.34,0.24,0.13
0,https://www.niche.com/places-to-live/c/canyon-county-id/,B minus,B,C+,A minus,B,B+,B+,A minus,C,A minus,A minus,B minus,"Canyon County is located in Idaho with a population of 217,633. In Canyon County, most residents own their homes. Many families live in Canyon County and residents tend to be conservative.",217633,178300,896,52134,-0.18022988505747128,-0.15630885122410543,-0.17040879652467256,0.3,0.7,191.7,-0.321896002829855,2.5,-0.5901639344262295,50.3,0.23587223587223582,17.2,-0.8730627306273062,503.8,0.007398520295940791,1524.9,-0.2535245741139611,272,-0.04225352112676062,0.16,0.13,0.1,0.13,0.13,0.12,0.11,0.13,0.05,-0.5833333333333333,0.13,-0.35,0.34,0.1724137931034484,0.32,0.18518518518518512,0.15,0.25,4.2,5,2,2,1,0,0,0.036000000000000004,0.133,0.049,0.25,0.7,0.02,0.0,0.01,0.01,0.0,0.0,0.49,0.51,0.19,0.23,0.27,0.25,0.05,0.31,0.34,0.24,0.11
0,https://www.niche.com/places-to-live/c/swift-county-mn/,B minus,B,B+,B,B minus,C+,B+,C minus,A,C,C,A minus,"Swift County is located in Minnesota with a population of 9,359. In Swift County, most residents own their homes. Many retirees live in Swift County and residents tend to lean conservative.",9359,104100,656,51620,-0.5213793103448277,-0.3822975517890772,-0.17858790955237658,0.3,0.7,135.7,-0.5199858507251504,0,-1.0,22.6,-0.4447174447174447,0,-1.0,203.6,-0.592881423715257,497.6,-0.7564127667906795,0,-1.0,0.12,0.11,0.06,0.11,0.11,0.12,0.15,0.22,0.04,-0.6666666666666666,0.16,-0.20000000000000007,0.38,0.3103448275862071,0.33,0.2222222222222221,0.09,-0.25,,,,,,,,0.016,0.12300000000000001,0.021,0.05,0.91,0.01,0.02,0.0,0.0,0.0,0.01,0.5,0.5,0.25,0.19,0.23,0.26,0.07,0.25,0.31,0.29,0.15
0,https://www.niche.com/places-to-live/c/washington-county-il/,B minus,B+,B+,B+,B minus,C,B minus,B minus,A minus,C+,C+,B minus,"Washington County is located in Illinois with a population of 14,058. In Washington County, most residents own their homes. Many families, young professionals, and retirees live in Washington County and residents tend to be conservative.",14058,113500,716,61763,-0.4781609195402299,-0.32580037664783423,-0.017185684960934422,0.23,0.77,217.1,-0.2320481075344889,0,-1.0,72.4,0.7788697788697789,0,-1.0,506.5,0.012797440511897573,1013,-0.5041120031329547,72.4,-0.7450704225352113,0.12,0.1,0.07,0.12,0.12,0.13,0.16,0.2,0.07,-0.41666666666666663,0.14,-0.29999999999999993,0.38,0.3103448275862071,0.33,0.2222222222222221,0.08,-0.33333333333333326,,,,,,,,0.031,0.071,0.003,0.01,0.96,0.01,0.01,0.0,0.0,0.0,0.0,0.5,0.5,0.16,0.21,0.22,0.33,0.08,0.21,0.28,0.33,0.18
0,https://www.niche.com/places-to-live/c/franklin-county-fl/,B minus,C minus,B,B+,C+,B,B+,A minus,B+,B minus,B+,B+,"Franklin County is located in Florida with a population of 11,811. In Franklin County, most residents own their homes. Many retirees live in Franklin County and residents tend to be conservative.",11811,166000,802,46643,-0.23678160919540225,-0.2448210922787194,-0.2577852744140159,0.25,0.75,59,-0.7912981959674567,0,-1.0,0,-1.0,0,-1.0,334.2,-0.33173365326934623,393.2,-0.8075190914431173,19.7,-0.9306338028169014,0.08,0.08,0.07,0.14,0.12,0.13,0.15,0.23,0.07,-0.41666666666666663,0.12,-0.4,0.27,-0.06896551724137923,0.35,0.29629629629629606,0.19,0.5833333333333335,4,1,0,1,0,0,0,0.033,0.188,0.015,0.05,0.77,0.02,0.14,0.0,0.0,0.01,0.0,0.57,0.43,0.27,0.22,0.21,0.23,0.07,0.31,0.33,0.21,0.14
0,https://www.niche.com/places-to-live/c/smith-county-tn/,B minus,B,B+,C,B,C+,B,B minus,A minus,B,B+,C minus,"Smith County is located in Tennessee with a population of 19,740. In Smith County, most residents own their homes. Many families live in Smith County and residents tend to be conservative.",19740,146900,621,48068,-0.3245977011494253,-0.4152542372881356,-0.23510971786833856,0.26,0.74,227.3,-0.19596745666784565,0,-1.0,0,-1.0,20.7,-0.8472324723247233,351.2,-0.2977404519096182,1962.8,-0.03916193459956918,186,-0.34507042253521125,0.12,0.11,0.08,0.12,0.11,0.15,0.14,0.16,0.05,-0.5833333333333333,0.09,-0.55,0.24,-0.1724137931034483,0.47,0.7407407407407405,0.15,0.25,4.71,7,5,2,0,0,0,0.019,0.17800000000000002,0.012,0.03,0.93,0.01,0.02,0.0,0.01,0.0,0.0,0.5,0.5,0.24,0.22,0.21,0.24,0.08,0.29,0.33,0.26,0.13
0,https://www.niche.com/places-to-live/c/henry-county-va/,B minus,B+,B,C,B,B+,C,B,A minus,C+,B,C+,"Henry County is located in Virginia with a population of 51,308. In Henry County, most residents own their homes. Many retirees live in Henry County and residents tend to be conservative.",51308,93900,604,37952,-0.5682758620689655,-0.43126177024482104,-0.3960823003357573,0.28,0.72,,,,,,,,,,,,,,,0.1,0.09,0.07,0.1,0.1,0.14,0.16,0.24,0.05,-0.5833333333333333,0.09,-0.55,0.32,0.10344827586206917,0.34,0.2592592592592593,0.2,0.6666666666666667,2.97,34,1,3,25,4,1,0.04,0.177,0.013999999999999999,0.06,0.7,0.02,0.22,0.01,0.0,0.0,0.0,0.48,0.52,0.31,0.26,0.22,0.17,0.03,0.34,0.38,0.21,0.08
0,https://www.niche.com/places-to-live/c/greene-county-ms/,B minus,B,A,C,B minus,B+,B minus,unavailable,A,C,C+,C,"Greene County is located in Mississippi with a population of 13,645. In Greene County, most residents own their homes. Residents of Greene County tend to be conservative.",13645,77700,599,49677,-0.6427586206896552,-0.435969868173258,-0.20950622981079836,0.17,0.83,0,-1.0,0,-1.0,0,-1.0,0,-1.0,226.8,-0.5464907018596281,1020.4,-0.5004895241824946,113.4,-0.6007042253521127,0.1,0.09,0.09,0.14,0.15,0.16,0.13,0.13,0.03,-0.75,0.06,-0.7,0.33,0.13793103448275867,0.34,0.2592592592592593,0.24,1.0,5,2,2,0,0,0,0,0.06,0.184,0.017,0.01,0.72,0.0,0.26,0.0,0.0,0.0,0.0,0.6,0.4,0.28,0.17,0.26,0.25,0.04,0.33,0.34,0.22,0.11
0,https://www.niche.com/places-to-live/c/warren-county-nj/,B minus,B+,C minus,A minus,B,B,C+,C,C,A minus,A minus,C,"Warren County is located in New Jersey with a population of 105,862. In Warren County, most residents own their homes. Many young professionals live in Warren County and residents tend to be conservative.",105862,264200,1132,81307,0.214712643678161,0.06591337099811678,0.2938115621469377,0.28,0.72,36.8,-0.8698266713830916,0,-1.0,9.5,-0.7665847665847666,17.7,-0.8693726937269373,237,-0.5260947810437913,1269.5,-0.37854905032308594,43.6,-0.8464788732394366,0.1,0.1,0.09,0.11,0.11,0.16,0.16,0.18,0.11,-0.08333333333333326,0.22,0.09999999999999987,0.28,-0.0344827586206895,0.31,0.14814814814814814,0.09,-0.25,3.5,12,0,6,6,0,0,0.04,0.075,0.036000000000000004,0.09,0.82,0.02,0.04,0.03,0.0,0.0,0.0,0.49,0.51,0.13,0.13,0.19,0.35,0.19,0.23,0.24,0.25,0.28
0,https://www.niche.com/places-to-live/c/fairbanks-north-star-borough-ak/,B minus,B,C minus,B+,B minus,A minus,B minus,unavailable,C minus,A minus,C,A,"Fairbanks North Star Borough is a County in Alaska with a population of 99,072. In Fairbanks North Star Borough, most residents own their homes. Many families and young professionals live in Fairbanks North Star Borough.",99072,240000,1305,76992,0.10344827586206895,0.22881355932203395,0.22514838565950068,0.41,0.59,380.8,0.3470109656880085,28.4,3.6557377049180326,71.1,0.7469287469287467,116.5,-0.14022140221402213,483.2,-0.033793241351729675,3350.9,0.6403465831212063,596.8,1.1014084507042252,0.15,0.09,0.13,0.19,0.12,0.11,0.11,0.1,0.12,0.0,0.19,-0.050000000000000044,0.4,0.3793103448275863,0.23,-0.14814814814814814,0.06,-0.5,3.95,40,10,18,12,0,0,0.045,0.079,0.021,0.08,0.7,0.07,0.04,0.03,0.07,0.0,0.01,0.54,0.46,0.11,0.14,0.23,0.34,0.18,0.24,0.24,0.25,0.27
0,https://www.niche.com/places-to-live/c/aransas-county-tx/,B minus,B minus,C,A minus,C+,B+,B,A minus,B,C+,B minus,B+,"Aransas County is located in Texas with a population of 24,462. In Aransas County, most residents own their homes. Many retirees live in Aransas County and residents tend to be conservative.",24462,156800,1012,45137,-0.279080459770115,-0.04708097928436916,-0.28174975733176333,0.2,0.8,128.1,-0.5468694729395118,0,-1.0,40,-0.017199017199017286,0,-1.0,1065.2,1.1299740051989602,2402.7,0.17617975327981195,216.2,-0.2387323943661972,0.1,0.09,0.08,0.08,0.09,0.12,0.16,0.27,0.08,-0.33333333333333326,0.14,-0.29999999999999993,0.31,0.06896551724137945,0.31,0.14814814814814814,0.16,0.3333333333333335,,,,,,,,0.039,0.212,0.049,0.27,0.67,0.02,0.01,0.02,0.0,0.0,0.0,0.49,0.51,0.26,0.24,0.19,0.22,0.1,0.37,0.3,0.18,0.14
0,https://www.niche.com/places-to-live/c/fulton-county-ky/,B minus,B+,B,B,B minus,B,C minus,B minus,A,C,C+,B+,"Fulton County is located in Kentucky with a population of 6,130. In Fulton County, most residents own their homes. Many retirees live in Fulton County and residents tend to be conservative.",6130,66100,579,30114,-0.6960919540229885,-0.4548022598870056,-0.5208058176726127,0.39,0.61,230,-0.18641669614432255,0,-1.0,0,-1.0,92,-0.3210332103321033,920,0.8396320735852829,2575.9,0.26096534168787944,138,-0.5140845070422535,0.12,0.1,0.07,0.13,0.09,0.14,0.15,0.2,0.05,-0.5833333333333333,0.09,-0.55,0.28,-0.0344827586206895,0.37,0.37037037037037024,0.21,0.75,,,,,,,,0.051,0.27899999999999997,0.005,0.02,0.71,0.02,0.24,0.0,0.01,0.0,0.0,0.5,0.5,0.45,0.2,0.2,0.13,0.02,0.39,0.35,0.19,0.06
0,https://www.niche.com/places-to-live/c/val-verde-county-tx/,B minus,C minus,B minus,B,B minus,B,B,A,A minus,B,B minus,A,"Val Verde County is located in Texas with a population of 48,969. In Val Verde County, most residents own their homes. Many families live in Val Verde County and residents tend to have moderate political views.",48969,103400,731,46147,-0.5245977011494253,-0.3116760828625236,-0.2656779593590376,0.36,0.64,38.9,-0.8623983020870181,0,-1.0,11.1,-0.7272727272727273,27.8,-0.7948339483394834,402.8,-0.19456108778244352,1469.7,-0.280546308987664,52.8,-0.8140845070422535,0.15,0.13,0.11,0.14,0.12,0.11,0.09,0.14,0.06,-0.5,0.13,-0.35,0.25,-0.13793103448275856,0.24,-0.11111111111111116,0.32,1.666666666666667,,,,,,,,0.028999999999999998,0.19699999999999998,0.12,0.82,0.15,0.01,0.01,0.01,0.0,0.0,0.0,0.51,0.49,0.29,0.2,0.22,0.23,0.06,0.37,0.3,0.2,0.13
0,https://www.niche.com/places-to-live/c/lenawee-county-mi/,B minus,B minus,B minus,B+,B,B minus,B minus,C+,B+,B,B+,B minus,"Lenawee County is located in Michigan with a population of 98,381. In Lenawee County, most residents own their homes. Many families live in Lenawee County and residents tend to lean conservative.",98381,139400,767,55450,-0.35908045977011493,-0.2777777777777778,-0.11764237862609994,0.22,0.78,110.3,-0.6098337460205164,2.2,-0.6393442622950819,43.2,0.06142506142506132,4.3,-0.9682656826568266,136.2,-0.7276544691061788,724.4,-0.6453886822009007,36.8,-0.8704225352112676,0.11,0.1,0.09,0.11,0.12,0.13,0.14,0.18,0.07,-0.41666666666666663,0.14,-0.29999999999999993,0.33,0.13793103448275867,0.37,0.37037037037037024,0.09,-0.25,4,2,1,0,1,0,0,0.028999999999999998,0.113,0.013999999999999999,0.08,0.87,0.02,0.02,0.0,0.0,0.0,0.0,0.51,0.49,0.18,0.22,0.25,0.28,0.07,0.28,0.32,0.26,0.14
0,https://www.niche.com/places-to-live/c/beaver-county-ut/,B minus,A minus,B,B minus,B+,B minus,A minus,C minus,C+,A minus,B,B,"Beaver County is located in Utah with a population of 6,517. In Beaver County, most residents own their homes. Many young professionals live in Beaver County and residents tend to be conservative.",6517,177600,717,55221,-0.1834482758620689,-0.32485875706214684,-0.12128638034466843,0.26,0.74,,,,,,,,,,,,,,,0.17,0.16,0.08,0.11,0.12,0.09,0.12,0.14,0.04,-0.6666666666666666,0.17,-0.15000000000000002,0.35,0.2068965517241379,0.33,0.2222222222222221,0.11,-0.08333333333333326,5,1,1,0,0,0,0,0.021,0.08800000000000001,0.052000000000000005,0.12,0.84,0.02,0.0,0.0,0.01,0.0,0.0,0.52,0.48,0.19,0.21,0.29,0.24,0.07,0.26,0.31,0.3,0.13
0,https://www.niche.com/places-to-live/c/person-county-nc/,B minus,B minus,B,B minus,B minus,A minus,C+,B,A minus,B,B,C,"Person County is located in North Carolina with a population of 39,345. In Person County, most residents own their homes. Many families live in Person County and residents tend to lean conservative.",39345,123100,694,51020,-0.43402298850574716,-0.34651600753295664,-0.18813551230845127,0.24,0.76,482.3,0.7060488149982314,0,-1.0,24.1,-0.4078624078624079,132.6,-0.021402214022140265,1037,1.0735852829434114,4413.4,1.1604660270217346,132.6,-0.5330985915492958,0.11,0.1,0.07,0.11,0.12,0.14,0.16,0.19,0.04,-0.6666666666666666,0.11,-0.45000000000000007,0.34,0.1724137931034484,0.37,0.37037037037037024,0.14,0.16666666666666674,5,1,1,0,0,0,0,0.042,0.157,0.022000000000000002,0.04,0.66,0.02,0.26,0.0,0.0,0.0,0.0,0.49,0.51,0.24,0.21,0.22,0.28,0.05,0.27,0.32,0.29,0.12
0,https://www.niche.com/places-to-live/c/charlotte-county-va/,B minus,A minus,B,C,B,B+,C+,A,A minus,C+,B minus,C minus,"Charlotte County is located in Virginia with a population of 12,040. In Charlotte County, most residents own their homes. Many retirees live in Charlotte County and residents tend to be conservative.",12040,111900,620,40573,-0.4855172413793103,-0.416195856873823,-0.35437518896297127,0.29,0.71,,,,,,,,,,,,,,,0.1,0.12,0.08,0.09,0.1,0.13,0.15,0.22,0.04,-0.6666666666666666,0.07,-0.6499999999999999,0.32,0.10344827586206917,0.4,0.4814814814814814,0.17,0.41666666666666674,2.88,17,3,4,2,4,4,0.034,0.237,0.002,0.02,0.68,0.02,0.28,0.0,0.0,0.0,0.0,0.49,0.51,0.32,0.22,0.23,0.19,0.04,0.35,0.32,0.26,0.07
0,https://www.niche.com/places-to-live/c/le-sueur-county-mn/,B minus,B,B,B+,B,C+,A minus,C,B+,B+,B minus,C+,"Le Sueur County is located in Minnesota with a population of 28,242. In Le Sueur County, most residents own their homes. Many families and young professionals live in Le Sueur County and residents tend to be conservative.",28242,207400,773,71080,-0.0464367816091954,-0.27212806026365344,0.131072673169645,0.18,0.82,25.3,-0.9105058365758755,0,-1.0,0,-1.0,0,-1.0,135.2,-0.7296540691861628,608.2,-0.7022713922067749,76,-0.7323943661971831,0.13,0.12,0.07,0.11,0.12,0.14,0.14,0.17,0.06,-0.5,0.17,-0.15000000000000002,0.35,0.2068965517241379,0.36,0.33333333333333326,0.06,-0.5,3,2,0,0,2,0,0,0.024,0.084,0.018000000000000002,0.06,0.91,0.01,0.01,0.0,0.0,0.0,0.0,0.5,0.5,0.14,0.15,0.24,0.36,0.11,0.22,0.27,0.31,0.2
0,https://www.niche.com/places-to-live/c/knox-county-oh/,B minus,B minus,B,B+,B,C,B,C,B+,B,B+,B,"Knox County is located in Ohio with a population of 61,481. In Knox County, most residents own their homes. Many young professionals live in Knox County and residents tend to be conservative.",61481,155500,737,57749,-0.28505747126436787,-0.3060263653483992,-0.08105914739907383,0.28,0.72,99.9,-0.6466218606296428,5.3,-0.13114754098360648,31.6,-0.2235872235872236,0,-1.0,531.2,0.06218756248750257,2987.3,0.46235559036616425,36.8,-0.8704225352112676,0.13,0.1,0.11,0.11,0.11,0.12,0.14,0.18,0.08,-0.33333333333333326,0.15,-0.2500000000000001,0.29,0.0,0.4,0.4814814814814814,0.09,-0.25,4.25,4,2,1,1,0,0,0.027000000000000003,0.13,0.006999999999999999,0.02,0.95,0.02,0.01,0.0,0.0,0.0,0.0,0.49,0.51,0.2,0.2,0.24,0.3,0.07,0.3,0.29,0.27,0.14
0,https://www.niche.com/places-to-live/c/putnam-county-in/,B minus,B minus,B+,B+,B minus,C+,A minus,C+,A minus,C+,B+,C+,"Putnam County is located in Indiana with a population of 37,384. In Putnam County, most residents own their homes. Residents of Putnam County tend to be conservative.",37384,128800,787,61047,-0.407816091954023,-0.25894538606403017,-0.028579157583183523,0.28,0.72,,,,,,,,,,,,,,,0.1,0.09,0.14,0.12,0.12,0.13,0.13,0.16,0.07,-0.41666666666666663,0.1,-0.5,0.3,0.034482758620689724,0.42,0.5555555555555554,0.11,-0.08333333333333326,,,,,,,,0.021,0.11199999999999999,0.024,0.02,0.92,0.01,0.03,0.02,0.0,0.0,0.0,0.53,0.47,0.17,0.18,0.27,0.32,0.07,0.3,0.3,0.26,0.15
0,https://www.niche.com/places-to-live/c/windham-county-vt/,B minus,B,C minus,B+,B,C+,C+,D+,C,A,A,A minus,"Windham County is located in Vermont with a population of 42,823. In Windham County, most residents own their homes. Many young professionals and retirees live in Windham County and residents tend to be liberal.",42823,214200,881,51985,-0.015172413793103412,-0.1704331450094162,-0.17277978454243115,0.33,0.67,183.7,-0.35019455252918286,0,-1.0,34.5,-0.15233415233415237,34.5,-0.7453874538745388,608.7,0.21715656868626287,2675.9,0.30991775993734105,97.6,-0.6563380281690141,0.1,0.08,0.08,0.11,0.11,0.13,0.18,0.22,0.17,0.41666666666666674,0.22,0.09999999999999987,0.25,-0.13793103448275856,0.3,0.11111111111111094,0.08,-0.33333333333333326,3,19,0,6,7,6,0,0.026000000000000002,0.13699999999999998,0.015,0.02,0.93,0.02,0.01,0.01,0.0,0.0,0.0,0.49,0.51,0.24,0.2,0.22,0.25,0.09,0.28,0.32,0.25,0.16
0,https://www.niche.com/places-to-live/c/houston-county-mn/,B minus,B,B+,B,B,C,B+,C minus,B+,B,C+,B,"Houston County is located in Minnesota with a population of 18,648. In Houston County, most residents own their homes. Many retirees live in Houston County and residents tend to lean conservative.",18648,173700,722,60382,-0.2013793103448276,-0.32015065913371,-0.039161083971166244,0.2,0.8,76.8,-0.728333922886452,0,-1.0,9.6,-0.7641277641277642,0,-1.0,57.6,-0.8848230353929214,576.1,-0.7179851184648521,28.8,-0.8985915492957747,0.12,0.1,0.07,0.1,0.11,0.13,0.17,0.21,0.07,-0.41666666666666663,0.17,-0.15000000000000002,0.36,0.24137931034482762,0.34,0.2592592592592593,0.05,-0.5833333333333333,,,,,,,,0.012,0.079,0.003,0.01,0.96,0.01,0.01,0.0,0.0,0.0,0.0,0.5,0.5,0.16,0.18,0.28,0.29,0.09,0.21,0.3,0.32,0.17
0,https://www.niche.com/places-to-live/c/spencer-county-ky/,B minus,A minus,A minus,B minus,B+,C,A minus,C+,B+,C,B,D minus,"Spencer County is located in Kentucky with a population of 18,680. In Spencer County, most residents own their homes. Many families live in Spencer County and residents tend to be conservative.",18680,213300,649,80166,-0.0193103448275862,-0.38888888888888884,0.2756552042391356,0.15,0.85,79.1,-0.7201980898478952,0,-1.0,0,-1.0,0,-1.0,2769,4.536892621475705,632.9,-0.690180144899158,0,-1.0,0.12,0.11,0.07,0.1,0.14,0.17,0.15,0.13,0.08,-0.33333333333333326,0.12,-0.4,0.34,0.1724137931034484,0.36,0.33333333333333326,0.1,-0.16666666666666663,3,1,0,0,1,0,0,0.032,0.09699999999999999,0.004,0.02,0.94,0.01,0.02,0.0,0.0,0.0,0.0,0.51,0.49,0.13,0.13,0.2,0.4,0.15,0.23,0.26,0.32,0.2
0,https://www.niche.com/places-to-live/c/curry-county-nm/,B minus,B+,C+,B,B,A,C+,B+,C+,B,C,A,"Curry County is located in New Mexico with a population of 49,732. In Curry County, most residents own their homes. Many families and young professionals live in Curry County and residents tend to be conservative.",49732,125000,843,45092,-0.4252873563218391,-0.20621468926553677,-0.2824658275384688,0.43,0.57,627.1,1.2182525645560665,14.8,1.4262295081967218,71.3,0.7518427518427517,66.4,-0.5099630996309963,1222.2,1.4439112177564488,3447.7,0.6877325239866849,351.7,0.2383802816901408,0.15,0.11,0.12,0.17,0.12,0.1,0.1,0.12,0.06,-0.5,0.13,-0.35,0.36,0.24137931034482762,0.27,0.0,0.18,0.5,,,,,,,,0.039,0.20600000000000002,0.064,0.42,0.48,0.03,0.05,0.01,0.01,0.0,0.0,0.52,0.48,0.26,0.24,0.24,0.22,0.04,0.33,0.34,0.21,0.12
0,https://www.niche.com/places-to-live/c/pottawattamie-county-ia/,B minus,B,B minus,B+,B,B minus,B,B minus,B+,B,B minus,B+,"Pottawattamie County is located in Iowa with a population of 93,393. In Pottawattamie County, most residents own their homes. Many families and young professionals live in Pottawattamie County and residents tend to lean conservative.",93393,139800,842,60065,-0.35724137931034483,-0.20715630885122416,-0.044205400760625735,0.32,0.68,100.7,-0.64379200565971,1.6,-0.7377049180327868,38.4,-0.05651105651105659,99.1,-0.2686346863468635,695.5,0.39072185562887407,4561.2,1.2328177011944388,685.9,1.4151408450704226,0.13,0.11,0.09,0.12,0.12,0.13,0.14,0.17,0.07,-0.41666666666666663,0.15,-0.2500000000000001,0.35,0.2068965517241379,0.33,0.2222222222222221,0.11,-0.08333333333333326,4,1,0,1,0,0,0,0.023,0.105,0.023,0.08,0.88,0.02,0.02,0.01,0.0,0.0,0.0,0.49,0.51,0.18,0.19,0.24,0.3,0.09,0.24,0.3,0.29,0.17
0,https://www.niche.com/places-to-live/c/boone-county-ar/,B minus,A,B+,C+,B,C+,B minus,B minus,A minus,B minus,C+,B,"Boone County is located in Arkansas with a population of 37,331. In Boone County, most residents own their homes. Many families and retirees live in Boone County and residents tend to be conservative.",37331,124300,636,45374,-0.42850574712643674,-0.4011299435028248,-0.27797845424311374,0.28,0.72,408.8,0.44605588963565634,7.6,0.24590163934426235,136.3,2.348894348894349,53,-0.6088560885608856,681.4,0.36252749450109967,2983,0.4602506363814374,212,-0.2535211267605634,0.13,0.1,0.07,0.12,0.11,0.13,0.13,0.2,0.05,-0.5833333333333333,0.11,-0.45000000000000007,0.38,0.3103448275862071,0.33,0.2222222222222221,0.13,0.08333333333333348,3.64,14,2,5,7,0,0,0.026000000000000002,0.14300000000000002,0.002,0.02,0.94,0.02,0.0,0.0,0.01,0.0,0.0,0.49,0.51,0.24,0.26,0.23,0.22,0.06,0.33,0.34,0.23,0.1
0,https://www.niche.com/places-to-live/c/currituck-county-nc/,B minus,B,C+,B+,B,B minus,B+,B+,B minus,B+,A minus,D+,"Currituck County is located in North Carolina with a population of 26,363. In Currituck County, most residents own their homes. Many families live in Currituck County and residents tend to be conservative.",26363,257200,1151,69964,0.18252873563218386,0.08380414312617712,0.11331413204334617,0.18,0.82,,,,,,,,,,,,,,,0.12,0.1,0.07,0.12,0.13,0.15,0.16,0.16,0.06,-0.5,0.18,-0.10000000000000009,0.38,0.3103448275862071,0.29,0.07407407407407396,0.09,-0.25,3.75,8,4,1,1,1,1,0.027999999999999997,0.094,0.006999999999999999,0.04,0.87,0.02,0.06,0.0,0.0,0.0,0.0,0.5,0.5,0.15,0.15,0.24,0.37,0.1,0.23,0.26,0.3,0.21
0,https://www.niche.com/places-to-live/c/cass-county-in/,B minus,B minus,B+,B,B minus,B,B minus,C+,A,B minus,C+,B+,"Cass County is located in Indiana with a population of 37,880. In Cass County, most residents own their homes. Many families live in Cass County and residents tend to be conservative.",37880,89300,650,49415,-0.5894252873563218,-0.38794726930320156,-0.21367534968095092,0.26,0.74,62.1,-0.7803325079589671,5.6,-0.08196721311475408,33.9,-0.16707616707616713,33.9,-0.7498154981549816,565,0.1297740451909617,3022.6,0.4796357940082241,141.2,-0.5028169014084507,0.12,0.12,0.09,0.11,0.12,0.13,0.14,0.17,0.04,-0.6666666666666666,0.09,-0.55,0.32,0.10344827586206917,0.4,0.4814814814814814,0.15,0.25,,,,,,,,0.028999999999999998,0.14300000000000002,0.07,0.15,0.8,0.02,0.01,0.01,0.0,0.0,0.0,0.5,0.5,0.24,0.22,0.25,0.24,0.05,0.25,0.36,0.28,0.11
0,https://www.niche.com/places-to-live/c/obion-county-tn/,B minus,B,B,B,B,B minus,C minus,B minus,A minus,C+,B,B,"Obion County is located in Tennessee with a population of 30,365. In Obion County, most residents own their homes. Many families and retirees live in Obion County and residents tend to be conservative.",30365,91500,621,39615,-0.5793103448275863,-0.4152542372881356,-0.3696195280301704,0.35,0.65,550.4,0.9469402193137602,12,0.9672131147540985,59.8,0.4692874692874691,59.8,-0.5586715867158671,975.2,0.9500099980004,3374.2,0.6517524965733306,173.5,-0.3890845070422535,0.11,0.11,0.08,0.11,0.12,0.13,0.14,0.2,0.05,-0.5833333333333333,0.1,-0.5,0.23,-0.2068965517241378,0.45,0.6666666666666665,0.16,0.3333333333333335,2.9,30,1,1,23,4,1,0.031,0.207,0.013000000000000001,0.04,0.83,0.02,0.1,0.0,0.0,0.0,0.0,0.48,0.52,0.33,0.24,0.21,0.2,0.03,0.31,0.36,0.24,0.09
0,https://www.niche.com/places-to-live/c/white-county-il/,B minus,B minus,A minus,B,B minus,C,B,B minus,A,B,C+,B minus,"White County is located in Illinois with a population of 13,868. In White County, most residents own their homes. Many retirees live in White County and residents tend to be conservative.",13868,71500,552,49290,-0.6712643678160919,-0.480225988700565,-0.21566443358846654,0.19,0.81,875.4,2.0965688008489565,0,-1.0,0,-1.0,0,-1.0,210.1,-0.579884023195361,1295.5,-0.36582142157822595,105,-0.630281690140845,0.12,0.1,0.07,0.11,0.11,0.13,0.15,0.22,0.05,-0.5833333333333333,0.1,-0.5,0.37,0.27586206896551735,0.37,0.37037037037037024,0.1,-0.16666666666666663,,,,,,,,0.039,0.138,0.01,0.01,0.96,0.01,0.01,0.01,0.0,0.0,0.0,0.49,0.51,0.25,0.21,0.24,0.24,0.06,0.3,0.3,0.25,0.15
0,https://www.niche.com/places-to-live/c/rosebud-county-mt/,B minus,C+,B minus,B,B,A,B minus,C+,B,C+,B minus,A,"Rosebud County is located in Montana with a population of 9,152. In Rosebud County, most residents own their homes. Many young professionals live in Rosebud County and residents tend to be conservative.",9152,114900,605,57992,-0.4717241379310345,-0.43032015065913376,-0.07719236828286369,0.31,0.69,0,-1.0,0,-1.0,43,0.05651105651105648,0,-1.0,86,-0.8280343931213757,386.9,-0.8106030937928334,43,-0.8485915492957746,0.14,0.15,0.09,0.11,0.1,0.12,0.15,0.15,0.06,-0.5,0.12,-0.4,0.42,0.4482758620689655,0.31,0.14814814814814814,0.1,-0.16666666666666663,,,,,,,,0.040999999999999995,0.171,0.013000000000000001,0.05,0.55,0.02,0.0,0.01,0.37,0.0,0.0,0.5,0.5,0.22,0.18,0.22,0.31,0.08,0.3,0.31,0.24,0.16
0,https://www.niche.com/places-to-live/c/allen-county-ks/,B minus,B minus,B,B,B minus,C+,B,B minus,A minus,C,B minus,A minus,"Allen County is located in Kansas with a population of 12,556. In Allen County, most residents own their homes. Many retirees live in Allen County and residents tend to be conservative.",12556,79300,675,45333,-0.6354022988505748,-0.364406779661017,-0.2786308737647789,0.29,0.71,388.3,0.3735408560311284,16.9,1.7704918032786883,135,2.3169533169533167,16.9,-0.8752767527675277,962.2,0.9240151969606079,3612.4,0.7683571568435481,168.8,-0.4056338028169014,0.12,0.1,0.09,0.1,0.11,0.12,0.15,0.2,0.08,-0.33333333333333326,0.13,-0.35,0.39,0.3448275862068968,0.33,0.2222222222222221,0.08,-0.33333333333333326,,,,,,,,0.028999999999999998,0.17600000000000002,0.006,0.04,0.9,0.04,0.01,0.01,0.0,0.0,0.0,0.5,0.5,0.28,0.21,0.26,0.2,0.04,0.29,0.35,0.26,0.1
0,https://www.niche.com/places-to-live/c/cochise-county-az/,B+,B,B minus,B+,B,A,C+,A,C+,B+,B+,B+,"Cochise County is located in Arizona with a population of 125,867. In Cochise County, most residents own their homes. Many families, young professionals, and retirees live in Cochise County and residents tend to be conservative.",125867,146800,783,49260,-0.3250574712643678,-0.2627118644067796,-0.21614181372627028,0.31,0.69,358.4,0.2677750265298904,1.6,-0.7377049180327868,38.2,-0.061425061425061434,43,-0.6826568265682658,522.5,0.04479104179164173,2697,0.3202467201879773,133.8,-0.5288732394366197,0.12,0.09,0.09,0.13,0.11,0.11,0.13,0.22,0.09,-0.25,0.14,-0.29999999999999993,0.4,0.3793103448275863,0.24,-0.11111111111111116,0.13,0.08333333333333348,4.25,4,1,3,0,0,0,0.032,0.165,0.048,0.35,0.55,0.02,0.04,0.02,0.01,0.0,0.0,0.51,0.49,0.25,0.21,0.23,0.25,0.06,0.31,0.32,0.21,0.16
0,https://www.niche.com/places-to-live/c/catoosa-county-ga/,B+,A,A minus,B minus,A minus,C+,B,B minus,B+,B,A minus,C,"Catoosa County is located in Georgia with a population of 66,700. In Catoosa County, most residents own their homes. Many families live in Catoosa County and residents tend to be conservative.",66700,144300,775,56235,-0.336551724137931,-0.27024482109227876,-0.10515093168690226,0.26,0.74,404.5,0.4308454191722675,0,-1.0,20.9,-0.4864864864864865,76.7,-0.43394833948339484,530.1,0.05998800239952007,4847.3,1.3728705698061487,251.1,-0.11584507042253522,0.12,0.11,0.08,0.12,0.13,0.14,0.13,0.17,0.07,-0.41666666666666663,0.15,-0.2500000000000001,0.33,0.13793103448275867,0.33,0.2222222222222221,0.13,0.08333333333333348,4.5,4,3,0,1,0,0,0.026000000000000002,0.098,0.012,0.03,0.91,0.02,0.02,0.01,0.0,0.0,0.0,0.48,0.52,0.19,0.21,0.25,0.27,0.08,0.28,0.34,0.24,0.15
0,https://www.niche.com/places-to-live/c/okmulgee-county-ok/,B+,B,B,B,B+,A,C,B,A,B+,B,B minus,"Okmulgee County is located in Oklahoma with a population of 38,749. In Okmulgee County, most residents own their homes. Many families live in Okmulgee County and residents tend to be conservative.",38749,85400,655,42998,-0.6073563218390805,-0.3832391713747646,-0.3157869611571694,0.29,0.71,330.3,0.1683763707110011,4.7,-0.2295081967213114,125.6,2.0859950859950858,27.9,-0.7940959409594096,590.9,0.18156368726254746,2433.4,0.19120814568239686,204.7,-0.2792253521126761,0.13,0.11,0.1,0.12,0.11,0.12,0.13,0.18,0.04,-0.6666666666666666,0.1,-0.5,0.36,0.24137931034482762,0.36,0.33333333333333326,0.14,0.16666666666666674,3.67,12,2,5,4,1,0,0.048,0.193,0.006999999999999999,0.04,0.62,0.11,0.08,0.0,0.14,0.0,0.0,0.49,0.51,0.3,0.23,0.22,0.21,0.05,0.34,0.33,0.23,0.1
0,https://www.niche.com/places-to-live/c/lonoke-county-ar/,B+,B+,B+,B,A minus,B minus,B+,B,B+,B minus,B,C,"Lonoke County is located in Arkansas with a population of 72,528. In Lonoke County, most residents own their homes. Many families live in Lonoke County and residents tend to be conservative.",72528,142500,796,59094,-0.3448275862068966,-0.25047080979284364,-0.059656604554206516,0.31,0.69,295.3,0.0445702157764416,4.5,-0.2622950819672131,103.7,1.5479115479115477,15.8,-0.8833948339483395,462.2,-0.07578484303139377,1262.5,-0.3819757196005482,124,-0.5633802816901409,0.13,0.13,0.08,0.15,0.14,0.13,0.12,0.13,0.06,-0.5,0.14,-0.29999999999999993,0.32,0.10344827586206917,0.37,0.37037037037037024,0.11,-0.08333333333333326,4.25,4,2,1,1,0,0,0.022000000000000002,0.121,0.011000000000000001,0.04,0.86,0.02,0.06,0.01,0.01,0.0,0.0,0.49,0.51,0.2,0.18,0.24,0.29,0.09,0.25,0.3,0.28,0.17
0,https://www.niche.com/places-to-live/c/clear-creek-county-co/,B+,B minus,C+,B,B,B minus,B+,B,C minus,A minus,A,B minus,"Clear Creek County is located in Colorado with a population of 9,495. In Clear Creek County, most residents own their homes. Residents of Clear Creek County tend to have moderate political views.",9495,378300,938,67060,0.7393103448275862,-0.1167608286252354,0.0671037347039447,0.23,0.77,571.1,1.0201627166607712,0,-1.0,114.2,1.805896805896806,171.3,0.26420664206642064,285.6,-0.42891421715656863,3312.4,0.6214999020951635,342.7,0.2066901408450703,0.07,0.09,0.06,0.1,0.12,0.16,0.19,0.19,0.19,0.5833333333333335,0.29,0.44999999999999973,0.29,0.0,0.22,-0.18518518518518523,0.01,-0.9166666666666666,3,1,0,0,1,0,0,0.021,0.078,0.013999999999999999,0.07,0.89,0.02,0.01,0.01,0.0,0.0,0.0,0.5,0.5,0.17,0.19,0.2,0.31,0.14,0.22,0.29,0.25,0.24
0,https://www.niche.com/places-to-live/c/sagadahoc-county-me/,B+,B,B minus,B+,B+,C,B+,C minus,B minus,A,A,B,"Sagadahoc County is located in Maine with a population of 35,452. In Sagadahoc County, most residents own their homes. Many young professionals and retirees live in Sagadahoc County and residents tend to lean liberal.",35452,213400,894,63694,-0.01885057471264373,-0.1581920903954802,0.01354168324236582,0.25,0.75,39.6,-0.8599221789883269,4.4,-0.2786885245901638,22,-0.45945945945945954,4.4,-0.9675276752767528,211.3,-0.57748450309938,1285.2,-0.3708635206579205,66,-0.7676056338028169,0.11,0.08,0.06,0.11,0.11,0.14,0.16,0.22,0.15,0.25,0.21,0.04999999999999982,0.28,-0.0344827586206895,0.3,0.11111111111111094,0.06,-0.5,4,1,0,1,0,0,0,0.016,0.095,0.017,0.02,0.95,0.02,0.01,0.01,0.0,0.0,0.0,0.49,0.51,0.18,0.18,0.22,0.34,0.08,0.23,0.28,0.3,0.19
0,https://www.niche.com/places-to-live/c/custer-county-ne/,B+,B,A minus,B,B,C,A,B,A minus,C+,C+,A minus,"Custer County is located in Nebraska with a population of 10,826. In Custer County, most residents own their homes. Many retirees live in Custer County and residents tend to be conservative.",10826,108100,666,52184,-0.5029885057471264,-0.3728813559322034,-0.1696131629616664,0.3,0.7,197.1,-0.30279448178280866,0,-1.0,28.9,-0.28992628992629,0,-1.0,225.3,-0.5494901019796041,1295.4,-0.3658703739964754,169,-0.40492957746478875,0.13,0.11,0.07,0.11,0.11,0.11,0.14,0.22,0.07,-0.41666666666666663,0.17,-0.15000000000000002,0.39,0.3448275862068968,0.3,0.11111111111111094,0.07,-0.41666666666666663,,,,,,,,0.017,0.114,0.012,0.03,0.95,0.01,0.0,0.01,0.0,0.0,0.0,0.5,0.5,0.21,0.23,0.26,0.24,0.07,0.25,0.34,0.27,0.14
0,https://www.niche.com/places-to-live/c/new-kent-county-va/,B+,A minus,B+,C+,B+,B,B,B,B,B minus,B minus,D,"New Kent County is located in Virginia with a population of 21,686. In New Kent County, most residents own their homes. Residents of New Kent County tend to be conservative.",21686,281100,1010,87904,0.2924137931034483,-0.048964218455743835,0.39878745444997854,0.14,0.86,,,,,,,,,,,,,,,0.11,0.09,0.07,0.12,0.13,0.15,0.16,0.17,0.11,-0.08333333333333326,0.16,-0.20000000000000007,0.31,0.06896551724137945,0.34,0.2592592592592593,0.07,-0.41666666666666663,3.77,44,13,14,12,4,1,0.023,0.07,0.009000000000000001,0.03,0.79,0.04,0.12,0.01,0.01,0.0,0.0,0.5,0.5,0.1,0.12,0.19,0.41,0.19,0.18,0.26,0.3,0.27
0,https://www.niche.com/places-to-live/c/hamlin-county-sd/,B+,A minus,A+,B,B+,C,A+,B minus,A minus,C+,C minus,B minus,"Hamlin County is located in South Dakota with a population of 6,025. In Hamlin County, most residents own their homes. Many young professionals live in Hamlin County and residents tend to be conservative.",6025,157100,558,67105,-0.27770114942528734,-0.47457627118644063,0.06781980491065043,0.19,0.81,0,-1.0,0,-1.0,0,-1.0,0,-1.0,0,-1.0,0,-1.0,0,-1.0,0.16,0.15,0.08,0.11,0.11,0.1,0.12,0.16,0.05,-0.5833333333333333,0.16,-0.20000000000000007,0.28,-0.0344827586206895,0.43,0.5925925925925926,0.08,-0.33333333333333326,,,,,,,,0.018000000000000002,0.055,0.023,0.04,0.94,0.01,0.0,0.0,0.0,0.0,0.0,0.51,0.49,0.1,0.17,0.32,0.35,0.07,0.23,0.29,0.34,0.15
0,https://www.niche.com/places-to-live/c/laporte-county-in/,B+,B,B+,A minus,B+,B,B minus,C,A minus,B,B+,B+,"LaPorte County is located in Indiana with a population of 110,154. In LaPorte County, most residents own their homes. Many families live in LaPorte County and residents tend to have moderate political views.",110154,132600,747,53658,-0.3903448275862069,-0.2966101694915254,-0.14615788552424291,0.28,0.72,359.8,0.27272727272727293,0,-1.0,36.9,-0.09336609336609347,78.4,-0.4214022140221402,484.3,-0.031593681263747286,1974.1,-0.03363031133738004,87.6,-0.6915492957746479,0.12,0.1,0.08,0.13,0.12,0.13,0.14,0.17,0.06,-0.5,0.12,-0.4,0.31,0.06896551724137945,0.4,0.4814814814814814,0.12,0.0,3.67,33,5,14,13,0,1,0.038,0.149,0.013999999999999999,0.07,0.79,0.02,0.11,0.01,0.0,0.0,0.0,0.52,0.48,0.22,0.21,0.24,0.27,0.08,0.27,0.32,0.25,0.16
0,https://www.niche.com/places-to-live/c/marion-county-mo/,B+,B,B,B+,B+,C+,B,B,A minus,B,B,B,"Marion County is located in Missouri with a population of 28,608. In Marion County, most residents own their homes. Many families live in Marion County and residents tend to be conservative.",28608,123400,665,48784,-0.43264367816091953,-0.3738229755178908,-0.22371624524608946,0.35,0.65,308.3,0.09055535903784939,0,-1.0,93.4,1.2948402948402946,32.7,-0.7586715867158671,499.8,-0.0005998800239952473,3820.6,0.8702760916389269,168.1,-0.40809859154929584,0.13,0.11,0.09,0.12,0.12,0.13,0.14,0.17,0.08,-0.33333333333333326,0.15,-0.2500000000000001,0.29,0.0,0.37,0.37037037037037024,0.12,0.0,4,1,0,1,0,0,0,0.028999999999999998,0.172,0.004,0.02,0.9,0.03,0.04,0.01,0.0,0.0,0.0,0.48,0.52,0.26,0.21,0.26,0.23,0.05,0.32,0.32,0.25,0.11
0,https://www.niche.com/places-to-live/c/washington-county-pa/,B+,B,B+,A minus,B+,C+,B,C,B,A minus,B+,B minus,"Washington County is located in Pennsylvania with a population of 207,212. In Washington County, most residents own their homes. Many young professionals and retirees live in Washington County and residents tend to be conservative.",207212,167900,772,63543,-0.2280459770114942,-0.27306967984934083,0.011138869882087121,0.24,0.76,141.5,-0.4994694021931376,0.7,-0.8852459016393442,12.5,-0.6928746928746929,22.3,-0.8354243542435424,159.6,-0.6808638272345531,1144.2,-0.43988643038966124,39,-0.8626760563380281,0.11,0.09,0.09,0.11,0.11,0.14,0.15,0.2,0.1,-0.16666666666666663,0.2,0.0,0.26,-0.10344827586206884,0.37,0.37037037037037024,0.07,-0.41666666666666663,3.45,31,5,6,18,2,0,0.03,0.092,0.009000000000000001,0.02,0.92,0.02,0.03,0.01,0.0,0.0,0.0,0.49,0.51,0.18,0.18,0.21,0.29,0.14,0.26,0.28,0.25,0.21
0,https://www.niche.com/places-to-live/c/cherokee-county-tx/,B+,B,B,B minus,B+,A,C,B+,A minus,C+,B+,B minus,"Cherokee County is located in Texas with a population of 52,118. In Cherokee County, most residents own their homes. Many families live in Cherokee County and residents tend to be conservative.",52118,102900,728,48186,-0.526896551724138,-0.31450094161958564,-0.23323202265964382,0.28,0.72,477.3,0.6883622214361516,4.9,-0.19672131147540972,43.8,0.07616707616707608,48.7,-0.640590405904059,579.6,0.15896820635872833,1612.2,-0.21078911298218128,87.7,-0.6911971830985915,0.14,0.11,0.09,0.12,0.12,0.12,0.12,0.17,0.05,-0.5833333333333333,0.12,-0.4,0.31,0.06896551724137945,0.31,0.14814814814814814,0.21,0.75,3.25,4,0,1,3,0,0,0.036000000000000004,0.163,0.081,0.23,0.61,0.02,0.13,0.0,0.01,0.0,0.0,0.51,0.49,0.25,0.21,0.25,0.23,0.06,0.32,0.33,0.23,0.12
0,https://www.niche.com/places-to-live/c/york-county-pa/,B+,A minus,C+,A minus,A minus,B,B,B minus,B minus,A,A,B minus,"York County is located in Pennsylvania with a population of 445,565. In York County, most residents own their homes. Many families and young professionals live in York County and residents tend to be conservative.",445565,177100,957,66457,-0.1857471264367816,-0.09887005649717517,0.057508393934089685,0.25,0.75,206.6,-0.2691899540148567,8.2,0.34426229508196715,22.6,-0.4447174447174447,119.6,-0.1173431734317344,250.3,-0.499500099980004,1719.8,-0.15811631094576073,122,-0.5704225352112676,0.12,0.1,0.08,0.12,0.12,0.14,0.14,0.17,0.09,-0.25,0.16,-0.20000000000000007,0.25,-0.13793103448275856,0.4,0.4814814814814814,0.1,-0.16666666666666663,3.61,109,16,45,39,7,2,0.028999999999999998,0.096,0.02,0.07,0.83,0.02,0.05,0.01,0.0,0.0,0.0,0.49,0.51,0.15,0.17,0.25,0.32,0.11,0.24,0.29,0.28,0.2
0,https://www.niche.com/places-to-live/c/charles-county-md/,B+,B,C,A minus,A minus,A,B minus,B minus,C,A minus,A minus,C minus,"Charles County is located in Maryland with a population of 159,428. In Charles County, most residents own their homes. Many families and young professionals live in Charles County and residents tend to be liberal.",159428,313300,1682,100003,0.44045977011494264,0.5838041431261771,0.591314864026224,0.23,0.77,236,-0.1651927838698266,0,-1.0,10.7,-0.7371007371007372,182.3,0.34538745387453873,461.2,-0.07778444311137778,2681.3,0.31256119052281184,311,0.09507042253521125,0.13,0.12,0.09,0.13,0.13,0.16,0.13,0.12,0.12,0.0,0.17,-0.15000000000000002,0.33,0.13793103448275867,0.32,0.18518518518518512,0.07,-0.41666666666666663,3.45,114,13,37,55,6,3,0.024,0.063,0.025,0.06,0.4,0.05,0.45,0.03,0.01,0.0,0.0,0.48,0.52,0.09,0.1,0.17,0.38,0.26,0.17,0.2,0.26,0.36
0,https://www.niche.com/places-to-live/c/kent-county-ri/,B+,B+,C+,A,B+,B minus,B,C+,C,A,A,B minus,"Kent County is located in Rhode Island with a population of 163,869. In Kent County, most residents own their homes. Many young professionals live in Kent County and residents tend to have moderate political views.",163869,236300,1079,73521,0.08643678160919532,0.016007532956685555,0.16991550371560882,0.3,0.7,74,-0.7382384152812168,0.6,-0.9016393442622951,35.8,-0.12039312039312056,14.6,-0.8922509225092251,235.4,-0.5292941411717657,1159,-0.43264147248874096,68.6,-0.7584507042253521,0.1,0.09,0.07,0.13,0.12,0.15,0.16,0.18,0.12,0.0,0.21,0.04999999999999982,0.31,0.06896551724137945,0.28,0.03703703703703698,0.08,-0.33333333333333326,3.5,2,0,1,1,0,0,0.027000000000000003,0.076,0.022000000000000002,0.05,0.88,0.02,0.02,0.03,0.0,0.0,0.0,0.48,0.52,0.16,0.15,0.2,0.34,0.15,0.21,0.25,0.28,0.26
0,https://www.niche.com/places-to-live/c/bedford-county-va/,B+,B minus,B+,C,B,B minus,B+,B,B+,B+,B+,C minus,"Bedford County is located in Virginia with a population of 78,376. In Bedford County, most residents own their homes. Many retirees live in Bedford County and residents tend to be conservative.",78376,201900,855,64199,-0.07172413793103449,-0.19491525423728817,0.021577582228728742,0.18,0.82,90.6,-0.6795189246551114,15.1,1.475409836065574,60.4,0.48402948402948387,60.4,-0.5542435424354244,151,-0.6980603879224155,3277,0.6041707460348542,105.7,-0.6278169014084507,0.11,0.1,0.08,0.1,0.11,0.15,0.16,0.21,0.12,0.0,0.17,-0.15000000000000002,0.31,0.06896551724137945,0.3,0.11111111111111094,0.1,-0.16666666666666663,3.77,117,25,47,40,3,2,0.022000000000000002,0.08800000000000001,0.013999999999999999,0.02,0.88,0.02,0.07,0.01,0.0,0.0,0.0,0.49,0.51,0.17,0.18,0.24,0.31,0.11,0.24,0.3,0.27,0.2
0,https://www.niche.com/places-to-live/c/howard-county-mo/,B+,B minus,A minus,B,B,C+,A,C+,A minus,C+,B,C+,"Howard County is located in Missouri with a population of 10,058. In Howard County, most residents own their homes. Many young professionals live in Howard County and residents tend to be conservative.",10058,130100,601,52700,-0.4018390804597701,-0.4340866290018832,-0.16140222459144216,0.22,0.78,20.6,-0.9271312345242306,0,-1.0,0,-1.0,0,-1.0,206.1,-0.587882423515297,700.9,-0.6568925004895242,41.2,-0.8549295774647887,0.13,0.09,0.13,0.11,0.1,0.12,0.14,0.18,0.1,-0.16666666666666663,0.15,-0.2500000000000001,0.26,-0.10344827586206884,0.37,0.37037037037037024,0.12,0.0,,,,,,,,0.028999999999999998,0.139,0.002,0.02,0.91,0.01,0.06,0.0,0.01,0.0,0.0,0.51,0.49,0.21,0.23,0.22,0.29,0.06,0.32,0.3,0.26,0.12
0,https://www.niche.com/places-to-live/c/jefferson-county-wi/,B+,B+,B minus,A,B+,C+,B,C,B,A minus,A minus,B minus,"Jefferson County is located in Wisconsin with a population of 84,701. In Jefferson County, most residents own their homes. Many young professionals live in Jefferson County and residents tend to lean conservative.",84701,190400,857,66291,-0.12459770114942526,-0.1930320150659134,0.054866890504909005,0.3,0.7,117.4,-0.5847187831623628,0,-1.0,37.9,-0.06879606879606892,21.7,-0.8398523985239852,119.2,-0.7616476704659068,1150.4,-0.4368513804581946,30.7,-0.8919014084507042,0.11,0.1,0.09,0.12,0.12,0.14,0.15,0.16,0.08,-0.33333333333333326,0.18,-0.10000000000000009,0.33,0.13793103448275867,0.33,0.2222222222222221,0.08,-0.33333333333333326,3,1,0,0,1,0,0,0.021,0.083,0.02,0.07,0.9,0.02,0.01,0.01,0.0,0.0,0.0,0.5,0.5,0.15,0.19,0.22,0.34,0.1,0.24,0.3,0.29,0.17
0,https://www.niche.com/places-to-live/c/norman-county-mn/,B+,A minus,A,B,B,C+,B+,C,A,C,C,B+,"Norman County is located in Minnesota with a population of 6,520. In Norman County, most residents own their homes. Many retirees live in Norman County and residents tend to lean conservative.",6520,100700,599,55085,-0.5370114942528736,-0.435969868173258,-0.12345050363604537,0.18,0.82,0,-1.0,0,-1.0,0,-1.0,0,-1.0,0,-1.0,257.1,-0.8741433326806344,0,-1.0,0.12,0.12,0.07,0.09,0.12,0.12,0.15,0.21,0.04,-0.6666666666666666,0.15,-0.2500000000000001,0.36,0.24137931034482762,0.37,0.37037037037037024,0.08,-0.33333333333333326,,,,,,,,0.019,0.08800000000000001,0.017,0.05,0.89,0.02,0.01,0.0,0.02,0.0,0.0,0.51,0.49,0.2,0.2,0.26,0.27,0.07,0.26,0.32,0.27,0.14
0,https://www.niche.com/places-to-live/c/bristol-county-ma/,B+,B+,C minus,A,A minus,B,C+,C+,C+,A minus,A,B minus,"Bristol County is located in Massachusetts with a population of 561,037. In Bristol County, most residents own their homes. Many young professionals live in Bristol County and residents tend to lean liberal.",561037,299800,901,69095,0.37839080459770114,-0.15160075329566858,0.09948602071829793,0.37,0.63,281,-0.00601344181110719,2.4,-0.6065573770491803,36,-0.11547911547911549,94.6,-0.3018450184501845,313.9,-0.37232553489302145,1136.2,-0.4438026238496181,121.6,-0.571830985915493,0.11,0.1,0.09,0.13,0.12,0.15,0.14,0.17,0.1,-0.16666666666666663,0.18,-0.10000000000000009,0.27,-0.06896551724137923,0.3,0.11111111111111094,0.14,0.16666666666666674,4.6,5,3,2,0,0,0,0.035,0.11199999999999999,0.045,0.08,0.81,0.02,0.04,0.02,0.0,0.02,0.0,0.48,0.52,0.2,0.15,0.19,0.3,0.16,0.25,0.26,0.25,0.23
0,https://www.niche.com/places-to-live/c/beaverhead-county-mt/,B+,A minus,B minus,B+,B,C+,A minus,B minus,C,B+,A minus,A,"Beaverhead County is located in Montana with a population of 9,415. In Beaverhead County, most residents own their homes. Many young professionals and retirees live in Beaverhead County and residents tend to be conservative.",9415,215400,620,43201,-0.0096551724137931,-0.416195856873823,-0.31255668889136423,0.32,0.68,374.1,0.3233109303148216,0,-1.0,70.1,0.722358722358722,46.8,-0.6546125461254613,187,-0.6260747850429914,187,-0.9084589778735069,70.1,-0.7531690140845071,0.1,0.08,0.14,0.1,0.1,0.1,0.16,0.21,0.12,0.0,0.23,0.1499999999999999,0.31,0.06896551724137945,0.29,0.07407407407407396,0.05,-0.5833333333333333,5,1,1,0,0,0,0,0.024,0.175,0.016,0.05,0.9,0.03,0.0,0.01,0.01,0.0,0.0,0.5,0.5,0.29,0.22,0.19,0.23,0.07,0.38,0.29,0.2,0.12
0,https://www.niche.com/places-to-live/c/marshall-county-ok/,B+,B+,A minus,B,B,A minus,B,B,A,C,C,B,"Marshall County is located in Oklahoma with a population of 16,505. In Marshall County, most residents own their homes. Many retirees live in Marshall County and residents tend to be conservative.",16505,89700,688,45746,-0.5875862068965517,-0.352165725047081,-0.27205894053434754,0.27,0.73,53.9,-0.8093385214007782,0,-1.0,71.8,0.764127764127764,53.9,-0.6022140221402215,394.9,-0.21035792841431722,1633.5,-0.20036224789504598,143.6,-0.4943661971830986,0.12,0.11,0.08,0.1,0.11,0.12,0.14,0.22,0.05,-0.5833333333333333,0.1,-0.5,0.29,0.0,0.36,0.33333333333333326,0.21,0.75,,,,,,,,0.021,0.16899999999999998,0.062,0.18,0.65,0.08,0.02,0.0,0.07,0.0,0.0,0.5,0.5,0.27,0.22,0.27,0.2,0.04,0.31,0.37,0.22,0.09
0,https://www.niche.com/places-to-live/c/panola-county-tx/,B+,A minus,A minus,C,A minus,B+,C+,B+,A minus,C+,B,C+,"Panola County is located in Texas with a population of 23,327. In Panola County, most residents own their homes. Many families live in Panola County and residents tend to be conservative.",23327,102200,767,52982,-0.5301149425287357,-0.2777777777777778,-0.15691485129608707,0.23,0.77,370.2,0.30951538733639894,0,-1.0,14.8,-0.6363636363636364,29.6,-0.7815498154981549,577.5,0.15476904619076182,2946.8,0.44252986097513225,148.1,-0.47852112676056335,0.11,0.12,0.09,0.12,0.12,0.11,0.14,0.19,0.05,-0.5833333333333333,0.12,-0.4,0.35,0.2068965517241379,0.31,0.14814814814814814,0.17,0.41666666666666674,,,,,,,,0.027000000000000003,0.146,0.031,0.09,0.73,0.01,0.17,0.0,0.0,0.0,0.0,0.49,0.51,0.25,0.17,0.26,0.25,0.07,0.31,0.31,0.23,0.15
0,https://www.niche.com/places-to-live/c/grand-county-co/,B+,B,C+,B+,B,B minus,B+,B minus,C minus,A,A,A minus,"Grand County is located in Colorado with a population of 15,303. In Grand County, most residents own their homes. Many young professionals live in Grand County and residents tend to lean conservative.",15303,308200,1047,71198,0.41701149425287354,-0.01412429378531077,0.13295036837833973,0.32,0.68,51.8,-0.8167668906968518,0,-1.0,0,-1.0,0,-1.0,362.9,-0.2743451309738053,1607.1,-0.2132856863129039,103.7,-0.6348591549295775,0.08,0.09,0.07,0.15,0.13,0.13,0.18,0.17,0.11,-0.08333333333333326,0.27,0.3500000000000001,0.3,0.034482758620689724,0.27,0.0,0.05,-0.5833333333333333,,,,,,,,0.023,0.095,0.031,0.09,0.87,0.01,0.01,0.01,0.0,0.0,0.0,0.53,0.47,0.13,0.16,0.24,0.33,0.13,0.18,0.32,0.28,0.22
0,https://www.niche.com/places-to-live/c/thomas-county-ga/,B+,B,C+,B,B+,A,C+,A minus,B,A minus,B,B+,"Thomas County is located in Georgia with a population of 44,630. In Thomas County, most residents own their homes. Many families live in Thomas County and residents tend to be conservative.",44630,146800,861,43740,-0.3250574712643678,-0.18926553672316382,-0.30397975908215713,0.39,0.61,67,-0.7629996462681288,0,-1.0,10.3,-0.7469287469287469,77.3,-0.4295202952029521,1113.7,1.2269546090781844,3892.8,0.9056197376150383,108.3,-0.6186619718309859,0.12,0.12,0.08,0.12,0.12,0.13,0.14,0.18,0.11,-0.08333333333333326,0.14,-0.29999999999999993,0.29,0.0,0.32,0.18518518518518512,0.15,0.25,4.11,9,2,6,1,0,0,0.045,0.18899999999999997,0.019,0.04,0.58,0.02,0.36,0.0,0.0,0.0,0.0,0.48,0.52,0.28,0.24,0.19,0.22,0.09,0.32,0.32,0.22,0.14
,,,,,,,,,,,,,,,,,,,,,,,,,,,,,,,,,,,,,,,,,,,,,,,,,,,,,,,,,,,,,,,,,,,,,,,,,,,,,,,,,,,,
,,,,,,,,,,,,,,,,,,,,,,,,,,,,,,,,,,,,,,,,,,,,,,,,,,,,,,,,,,,,,,,,,,,,,,,,,,,,,,,,,,,,
,,,,,,,,,,,,,,,,,,,,,,,,,,,,,,,,,,,,,,,,,,,,,,,,,,,,,,,,,,,,,,,,,,,,,,,,,,,,,,,,,,,,
,,,,,,,,,,,,,,,,,,,,,,,,,,,,,,,,,,,,,,,,,,,,,,,,,,,,,,,,,,,,,,,,,,,,,,,,,,,,,,,,,,,,
,,,,,,,,,,,,,,,,,,,,,,,,,,,,,,,,,,,,,,,,,,,,,,,,,,,,,,,,,,,,,,,,,,,,,,,,,,,,,,,,,,,,
,,,,,,,,,,,,,,,,,,,,,,,,,,,,,,,,,,,,,,,,,,,,,,,,,,,,,,,,,,,,,,,,,,,,,,,,,,,,,,,,,,,,
,,,,,,,,,,,,,,,,,,,,,,,,,,,,,,,,,,,,,,,,,,,,,,,,,,,,,,,,,,,,,,,,,,,,,,,,,,,,,,,,,,,,
,,,,,,,,,,,,,,,,,,,,,,,,,,,,,,,,,,,,,,,,,,,,,,,,,,,,,,,,,,,,,,,,,,,,,,,,,,,,,,,,,,,,
,,,,,,,,,,,,,,,,,,,,,,,,,,,,,,,,,,,,,,,,,,,,,,,,,,,,,,,,,,,,,,,,,,,,,,,,,,,,,,,,,,,,
,,,,,,,,,,,,,,,,,,,,,,,,,,,,,,,,,,,,,,,,,,,,,,,,,,,,,,,,,,,,,,,,,,,,,,,,,,,,,,,,,,,,
,,,,,,,,,,,,,,,,,,,,,,,,,,,,,,,,,,,,,,,,,,,,,,,,,,,,,,,,,,,,,,,,,,,,,,,,,,,,,,,,,,,,
,,,,,,,,,,,,,,,,,,,,,,,,,,,,,,,,,,,,,,,,,,,,,,,,,,,,,,,,,,,,,,,,,,,,,,,,,,,,,,,,,,,,
,,,,,,,,,,,,,,,,,,,,,,,,,,,,,,,,,,,,,,,,,,,,,,,,,,,,,,,,,,,,,,,,,,,,,,,,,,,,,,,,,,,,
,,,,,,,,,,,,,,,,,,,,,,,,,,,,,,,,,,,,,,,,,,,,,,,,,,,,,,,,,,,,,,,,,,,,,,,,,,,,,,,,,,,,
,,,,,,,,,,,,,,,,,,,,,,,,,,,,,,,,,,,,,,,,,,,,,,,,,,,,,,,,,,,,,,,,,,,,,,,,,,,,,,,,,,,,
,,,,,,,,,,,,,,,,,,,,,,,,,,,,,,,,,,,,,,,,,,,,,,,,,,,,,,,,,,,,,,,,,,,,,,,,,,,,,,,,,,,,
,,,,,,,,,,,,,,,,,,,,,,,,,,,,,,,,,,,,,,,,,,,,,,,,,,,,,,,,,,,,,,,,,,,,,,,,,,,,,,,,,,,,