,Link,Program best described as,Primary teaching site,Accredited length of training,Required length,Accepting applications for training that begins in 2021-2022,Will be accepting applications for training that begins in 2022-2023,Program start dates,Participates in ERAS®,Affiliated with U.S. government,Web Address,Video,Program director,Person to contact for more information about the program,ID,Location,Sponsor,Participant 0,Participant 1,Intro,Year 1,Year 2,Year 3,Requires previous GME,Offers preliminary positions,Participates in the Main Match of the National Resident Matching Program (NRMP),Participates in the Advanced or Fellowship Match of the National Resident Matching Program (NRMP),Latest date for applications for 2021-2022,Interview period,Earliest date for applications for 2022-2023,Latest date for applications for 2022-2023,Applicants may interview remotely via video conferencing,Interviews conducted last year for first year positions,Participates in San Francisco match,Participates in another matching program,Required letters of recommendation,Osteopathic Recognition and/or is accredited by the ACGME and the AOA,Step 1 required,Minimum score,Step 2 required,Average Step 1 score (range) of current residents/fellows,Level 1 required,Level 2 required,Average Level 1 score (range) of current residents/fellows,"To be considered by this program, passing Step 2 CS or Level 2 PE on the 1st try is:",J-1 visa sponsorship through ECFMG,H-1B visa,F-1 visa (OPT 1st year),Full-time paid_Physician,Full-time paid_Non-physician,Part-time paid_Physician,Part-time paid_Non-physician,Total_Physician,Total_Non-physician,Percentage of full-time paid female physician faculty,Ratio of full-time equivalent paid faculty to positions,"Avg. hrs/wk on duty during first year (including patient care, all call, night float, research, conferences, etc)",Maximum consecutive hours on duty during first year (excluding beeper call),Average number of 24-hour off duty periods per week during first year,Program allows moonlighting (beyond GY1),Night float system,% USMD,% IMG,% DO,% Female,% Male,Year most taxing schedule And frequency per year_Year 1,Beeper or home call (Weeks/Year)_Year 1,Year most taxing schedule And frequency per year_Year 2,Beeper or home call (Weeks/Year)_Year 2,Year most taxing schedule And frequency per year_Year 3,Beeper or home call (Weeks/Year)_Year 3,Avg hours/week of scheduled structured didactic activities,Training at hospital outpatient clinics during 1st year,"Training during 1st year in ambulatory non-hospital community-based settings, e.g., physician offices, community clinics",Salary compensation_Year 1,Vacation days_Year 1,Sick days_Year 1,Salary compensation_Year 2,Vacation days_Year 2,Sick days_Year 2,Salary compensation_Year 3,Vacation days_Year 3,Sick days_Year 3,Salary paid by a non-profit institution,Maximum number of paid days for family/medical leave,Maximum number of unpaid days for family/medical leave,Part-time/shared schedule positions,On-site child care,Subsidized child care,Moving allowance,Salary advance for moving or other expenses,Housing stipend,Free parking,On-call meal allowance,"iPads, tablets, etc., or technology allowance","Placement assistance upon completion of program into practice, fellowship or academia",Policy prohibits hiring smokers/users of nicotine products,Offers additional training or educational experience beyond accredited length,Offers a primary care track,Offers a rural track,Offers a women's health track,Offers a hospitalist track,Offers a research track/nonaccredited fellowship track,Offers an academic or clinician educator track,Offers another track,Patient surveys,Portfolio system,Objective structured clinical examinations (OSCE),Major medical insurance for residents,Major medical insurance for dependents,Major medical insurance for domestic partners,Outpatient mental health insurance,Inpatient mental health insurance,Group life insurance,Dental insurance,Disability insurance,Disability insurance for occupationally-acquired HIV,Medical insurance coverage begins,Integrative medicine curriculum,Formal mentoring program,"Curriculum to develop health systems leadership skills (e.g., QI project leadership, community/organizational advocacy)",Formal program to develop teaching skills,Formal program to foster interprofessional teamwork,Instruction in medical Spanish or other non-English language,Alternative/complementary medicine curriculum,Economics of health care systems curriculum,Debt management/financial counseling,Academic support for USMLE Step 3 preparation,International experience/global health,Resident/fellow retreats,Off-campus electives,Hospice/home care experience,"MPH, MBA, PhD or other advanced degree training",Research rotation,Aggregate resident Milestone achievements,Graduates’ board certification pass rates,"Performance-based assessment scores (e.g. OSCE, patient or computer simulations)",Participant 2,Participant 3,Year 4,Year most taxing schedule And frequency per year_Year 4,Beeper or home call (Weeks/Year)_Year 4,Salary compensation_Year 4,Vacation days_Year 4,Sick days_Year 4,,Participant 4,Participant 5,Night float system (Residents participate during first year)
0,https://freida.ama-assn.org/program/1103500208,Community-based,Wyckoff Heights Medical Center,3,3,No,Yes,July,Yes,No,http://www.wyckoffem.org,Not Available,"Anton A I Wray
MD
Wyckoff Heights Med Ctr
Dept of Emergency Medicine
374 Stockholm St
Brooklyn, NY 11237
Tel: (718) 963-6734
Fax: (718) 366-4061
E-mail: jgomez@wyckoffhospital.org","Jesica A Torres
BA
Wyckoff Heights Med Ctr
Dept of Emergency Medicine
374 Stockholm St
Brooklyn, NY 11237
Tel: (718) 963-6734
Fax: (718) 366-4061
E-mail: jgomez@wyckoffhospital.org",1103500208,"Wyckoff Heights Med Ctr, Dept of Emergency Medicine, 374 Stockholm St, Brooklyn, NY 11237","374 Stockholm St, Brooklyn, NY 11237-4099","506 Lenox Ave, New York, NY 10037-1003","121 Dekalb Ave, Brooklyn, NY 11201","Program is newly accredited in a city neighborhood between Brooklyn and Queens. The emergency medicine department sees 90 thousand patients a year and a treats a tremendous amount of pathology from all around the world. The leadership team has long experience in residency training and looks forward to contributing to the development of competent, caring, and empathetic clinicians.",6,6,6,No,No,"Yes , Codes: 1435110C0",No,11/2/2020,11/2/2020 - 1/29/2021_11/1/2021 - 1/3/2022,9/1/2021,10/31/2021,No,150,No,No,2,No,Yes,220_220__,Yes,226-235,"No, require USMLE scores for all applicants","No, require USMLE scores for all applicants",501-540,"Desired, with some exceptions",No,No,No,20,0,0,0,20,0,30.0,1.1 to 1,60,12,2,No,No,0.0,100.0,0.0,40.7,59.2,N/A,0,N/A,0,N/A,Not Available,6,NGO,N/A,"$62,139.00",20,10,"$68,220.00",20,10,"$74,300.00",20,10,Yes,NGO,NGO,No,No,No,No,No,No,No,Yes,No,Yes,No,No,No,No,No,No,No,No,No,No,Yes,Yes,Resident Shares Cost,Resident Shares Cost,Resident Shares Cost,Resident Shares Cost,Resident Shares Cost,Resident Shares Cost,Resident Shares Cost,Resident Shares Cost,Resident Shares Cost,When resident/fellow starts program,No,Yes,Yes,Yes,Yes,No,No,No,No,No,No,Yes,Yes,No,No,Not available,Yes,Yes,Yes,,,,,,,,,,,,
0,https://freida.ama-assn.org/program/1103531127,Community-based university affiliated,Kaleida Health System (Buffalo General Medical Center),3,3,No,Yes,June,Yes,No,http://medicine.buffalo.edu/departments/emergency/education/residency.html,UB Emergency Medicine Residency,"Christian R DeFazio
MD
Univ at Buffalo Sch of Med
Ste 340 Dept of Emergency Med
77 Goodell St
Buffalo, NY 14203
Tel: (716) 645-9707
Fax: (716) 645-9701
E-mail: cdefazio@buffalo.edu","Dee M McCarthy
Univ at Buffalo Sch of Med
Ste 340 Dept of Emergency Med
77 Goodell St
Buffalo, NY 14203
Tel: (716) 645-9707
Fax: (716) 645-9701
E-mail: dmccarth@buffalo.edu",1103531127,"Univ at Buffalo Sch of Med, Ste 340 Dept of Emergency Med, 77 Goodell St, Buffalo, NY 14203","3435 Main St, Buffalo, NY 14214","100 High St, Buffalo, NY 14203","219 Bryant St, Buffalo, NY 14222","Telemedicine program, acute stroke care part of curriculum. Scholarly tracks used to fulfill scholarly requirement include EMS, ultrasound, public health, pediatric EM, administration, sports medicine and academics. Program supervises medical students in community outreach ""street rounds"" weekly. ACEP national conference attendance sponsored for PGY2's. Active wellness committee to support work-life balance.",16,16,16,No,No,"Yes , Codes: 3099110C0",No,12/1/2020,11/10/2020 - 1/21/2021_11/16/2021 - 1/20/2022,10/1/2021,12/1/2021,Yes,130,No,No,2,No,Yes,200__450_,No,226-235,Yes,No,541-600,"Desired, with some exceptions",Yes,No,No,40,1,0,0,40,1,45.0,0.8 to 1,50,16,2,Yes,No,44.4,0.0,55.5,30.5,69.4,Every fourth night for 4 week(s),NGO,Every third night for 4 week(s),4,Every third night for 4 week(s),NGO,5,NGO,N/A,"$53,650.00",20,20,"$54,973.00",20,20,"$55,969.00",20,20,Yes,60,NGO,No,No,No,No,No,No,Yes,Yes,Yes,No,No,No,No,Yes,No,No,Yes,No,Yes,Yes,Yes,Yes,Fully Paid by Institution,Fully Paid by Institution,Not Available,Fully Paid by Institution,Fully Paid by Institution,Fully Paid by Institution,Fully Paid by Institution,Fully Paid by Institution,Fully Paid by Institution,When resident/fellow starts program,No,Yes,No,Yes,Yes,No,No,Yes,Yes,No,Yes,Yes,Yes,No,No,Optional,Yes,Yes,Yes,"462 Grider St, Buffalo, NY 14215","127 North St, Batavia, NY 14020",,,,,,,,,,
0,https://freida.ama-assn.org/program/1103500213,,,4,4,Yes,Yes,July,Yes,No,,Not Available,"Dean G Olsen
DO
Nassau Univ Med Ctr
Emergency Medicine Pgm
2201 Hempstead Trnpk
East Meadow, NY 11554
Tel: (516) 296-2899
Fax: (516) 572-5465
E-mail: rcali@numc.edu","Rosemary  Cali
Nassau Univ Med Ctr
Emergency Medicine Pgm
2201 Hempstead Trnpk
East Meadow, NY 11554
Tel: (516) 296-2899
Fax:
E-mail: rcali@numc.edu",1103500213,"Nassau Univ Med Ctr, Emergency Medicine Pgm, 2201 Hempstead Trnpk, East Meadow, NY 11554","2201 Hempstead Trnpk, East Meadow, NY 11554-1854","2445 Oceanside Rd, Oceanside, NY 11572","455 1st Ave, New York, NY 10016",,,,,,,,,,,,,,,,,,,,,,,,,,,,,,,,,,,,,,,,,,,,,,,,,,,,,,,,,,,,,,,,,,,,,,,,,,,,,,,,,,,,,,,,,,,,,,,,,,,,,,,,,,,,,,,,,,,,,,,,,,,,,,,,,,,
0,https://freida.ama-assn.org/program/1103500209,,,3,3,Yes,Yes,"June,Negotiable",Yes,No,https://www.arnothealth.org/,Not Available,"James D Bohan
MD
Arnot Ogden Med Ctr
Emergency Medicine Pgm
600 Roe Ave
Elmira, NY 14905
Tel: (607) 442-1713
Fax: (607) 271-3664
E-mail: jbohan@arnothealth.org","Paula  Mowry
Arnot Ogden Med Ctr
Emergency Medicine Pgm
600 Roe Ave
Elmira, NY 14905
Tel: (607) 442-1713
Fax: (607) 873-7359
E-mail: pmowry@arnothealth.org",1103500209,"Arnot Ogden Med Ctr, Emergency Medicine Pgm, 600 Roe Ave, Elmira, NY 14905","600 Roe Ave, Elmira, NY 14905","601 Elmwood Ave, Rochester, NY 14642",,,,,,,,,,,,,,,,,,,,,,,,,,,,,,,,,,,,,,,,,,,,,,,,,,,,,,,,,,,,,,,,,,,,,,,,,,,,,,,,,,,,,,,,,,,,,,,,,,,,,,,,,,,,,,,,,,,,,,,,,,,,,,,,,,,,
0,https://freida.ama-assn.org/program/1103531173,,,3,3,No,Yes,July,Yes,No,,New York Presbyterian Queens - Emergency Medicine,"Saumil H Parikh
MD
NewYork-Presbyterian/Queens
Dept of Emergency Medicine
56-45 Main St
Flushing, NY 11355
Tel: (718) 661-7305
Fax: (718) 661-7679
E-mail: shp9062@nyp.org","Lily  Hu
NewYork-Presbyterian/Queens
Dept of Emergency Medicine
56-45 Main St
Flushing, NY 11355
Tel: (718) 661-7305
Fax: (718) 661-7679
E-mail: lik9007@nyp.org",1103531173,"NewYork-Presbyterian/Queens, Dept of Emergency Medicine, 56-45 Main St, Flushing, NY 11355","56-45 Main St, Flushing, NY 11355-5095",,,,,,,,,,,,,,,,,,,,,,,,,,,,,,,,,,,,,,,,,,,,,,,,,,,,,,,,,,,,,,,,,,,,,,,,,,,,,,,,,,,,,,,,,,,,,,,,,,,,,,,,,,,,,,,,,,,,,,,,,,,,,,,,,,,,,
0,https://freida.ama-assn.org/program/1103521141,University-based,North Shore University Hospital-Northwell Health,3,3,Yes,Yes,July,Yes,No,http://www.northwell.edu,Not Available,"Mathew  Nelson
DO
North Shore Univ Hosp
Dept of Emergency Medicine
300 Community Dr
Manhasset, NY 11030
Tel: (718) 407-7501
Fax:
E-mail: mnelson1@northwell.edu","Sandie  Luciano
BS
North Shore Univ Hosp
Dept of Emergency Medicine
300 Community Dr
New Hyde Park, NY 11021
Tel: (718) 470-7873
Fax: (516) 562-3569
E-mail: sluciano@northwell.edu",1103521141,"North Shore Univ Hosp, Dept of Emergency Medicine, 300 Community Dr, Manhasset, NY 11030","125 Community Dr, Great Neck, NY 11021","300 Community Dr, Manhasset, NY 11030","270-05 76th Ave, New Hyde Park, NY 11040","We offer electives to third year medical students in emergency medicine, pediatric emergency medicine, emergency medicine ultrasound,EMS and medical toxicology. Medical students have the ability to rotate through our simulation lab and often take part in our Bioskills sessions at the Center for Advanced Learning.",23,23,20,No,No,"Yes , Codes: 1700110C2",No,,-_-,,,Yes,225,No,No,3,No,Yes,190_200__,Yes,No Answer,"No, require USMLE scores for all applicants","No, require USMLE scores for all applicants",No Answer,Not known,Yes,Yes,Yes,39,1,2,0,41,1,30.7,0.6 to 1,54,16,2,Yes,No,66.9,3.3,29.7,31.3,68.6,N/A,NGO,Every third night for 1 month(s),NGO,N/A,NGO,5,NGO,5%,"$71,000.00",20,NGO,"$73,000.00",20,NGO,"$75,000.00",20,NGO,No answer,90,NGO,No,Yes,No,No,No,Yes,Yes,No,No,Yes,No,No,No,No,No,No,Yes,No,Yes,Yes,Yes,Yes,Resident Shares Cost,Resident Shares Cost,Resident Shares Cost,Resident Shares Cost,Resident Shares Cost,Fully Paid by Institution,Resident Shares Cost,Resident Shares Cost,Resident Shares Cost,When resident/fellow starts program,No,Yes,No,Yes,Yes,Yes,Yes,No,Yes,No,Yes,Yes,Yes,No,Yes,Not available,No,No,Yes,"269-01 76th Ave, New Hyde Park, NY 11040","455 1st Ave, New York, NY 10016",,,,,,,,,,
0,https://freida.ama-assn.org/program/1103500212,Community-based university affiliated,Garnet Health Medical Center,3,3,Yes,Yes,July,Yes,No,https://www.ormc.org/about-us/graduate-medical-education,Not Available,"Dulaya  Santikul
DO
Garnet Health Med Ctr
Emergency Medicine Pgm
707 E Main St
Middletown, NY 10940
Tel:
Fax:
E-mail: dsantikul@ghvhs.org","Ashley  Lellek
BS, BSN
Garnet Health Med Ctr
Emergency Medicine Pgm
707 E Main St
Middletown, NY 10940
Tel: (845) 333-1759
Fax: (845) 333-7342
E-mail: alellek@ghvhs.org",1103500212,"Garnet Health Med Ctr, Emergency Medicine Pgm, 707 E Main St, Middletown, NY 10940","707 E Main St, Middletown, NY 10940","1400 Pelham Pkwy S, Bronx, NY 10461","183rd St & Third Ave, Bronx, NY 10457",,6,6,6,No,No,"Yes , Codes: 2230110C0",No,,-_-,,,No,130,No,No,3,Yes,Yes,215__480_,No,No Answer,Yes,No,No Answer,"Desired, with some exceptions",No,No,No,0,0,6,0,6,0,,0.1 to 1,50,24,1,Yes,No,,,,,,N/A,Not Available,N/A,Not Available,N/A,Not Available,6,NGO,N/A,"$62,885.00",20,Not Available,"$65,086.00",20,Not Available,"$76,545.00",20,Not Available,Yes,NGO,Not Available,No,No,No,No,No,No,Yes,No,No,No,No,No,No,Yes,Yes,No,No,No,No,Yes,No,No,Resident Shares Cost,Resident Shares Cost,Resident Shares Cost,Resident Shares Cost,Resident Shares Cost,"Available, Not Paid By Institution",Resident Shares Cost,"Available, Not Paid By Institution","Available, Not Paid By Institution",When resident/fellow starts program,No,No,No,No,No,No,No,No,Yes,No,No,No,No,No,No,Optional,No,No,Yes,"4802 Tenth Ave, Brooklyn, NY 11219-9988","455 1st Ave, New York, NY 10016",,,,,,,,,,
0,https://freida.ama-assn.org/program/1103512031,,,3,3,No,Yes,July,Yes,No,,Not Available,"Roger J Chirurgi
MD
NYC Health+Hosps/Metropolitan
Rm 2A20
1901 First Ave
New York, NY 10029
Tel: (212) 423-6390
Fax: (212) 423-6383
E-mail: waleska.ovalles@nychhc.org","Waleska  Ovalles
NYC Health+Hosps/Metropolitan
Rm 2A31
1901 First Ave
New York, NY 10029
Tel: (212) 423-6684
Fax: (212) 423-6383
E-mail: waleska.ovalles@nychhc.org",1103512031,"NYC Health+Hosps/Metropolitan, Rm 2A20, 1901 First Ave, New York, NY 10029","40 Sunshine Cottage Rd, Valhalla, NY 10595","1901 First Ave, New York, NY 10029","506 Lenox Ave, New York, NY 10037-1003",,,,,,,,,,,,,,,,,,,,,,,,,,,,,,,,,,,,,,,,,,,,,,,,,,,,,,,,,,,,,,,,,,,,,,,,,,,,,,,,,,,,,,,,,,,,,,,,,,,,,,,,,,,,,,,,,,,,,,,,"100 Woods Rd, Valhalla, NY 10595",,,,,,,,,,,
0,https://freida.ama-assn.org/program/1103513169,University-based,NewYork-Presbyterian Hospital,4,4,Yes,Yes,June,Yes,No,http://www.nypemergency.org,Not Available,"Manish  Garg
MD
NewYork-Presbyterian/Weill Cornell Med Ctr
Mailbox 301
525 E 68th St
New York, NY 10021
Tel: (347) 504-4930
Fax:
E-mail: mag9475@med.cornell.edu","Munira  Persad
NewYork-Presbyterian/Weill Cornell Med Ctr
Mailbox 301
525 E 68th St
New York, NY 10065
Tel: (212) 746-0892
Fax:
E-mail: mup4002@med.cornell.edu",1103513169,"NewYork-Presbyterian/Weill Cornell Med Ctr, Mailbox 301, 525 E 68th St, New York, NY 10021","525 E 68th St, New York, NY 10021","525 E 68th St, New York, NY 10021-1234","622 W 168th St, New York, NY 10032",,12,12,12,No,No,"Yes , Codes: 1409110C0",No,,-_-,,,No,160,No,No,3,No,Yes,___,No,No Answer,Yes,No,No Answer,"Desired, with some exceptions",Yes,No,No,157,1,0,0,157,1,47.7,3.2 to 1,54,12,2,Yes,No,93.0,2.7,4.2,37.0,62.9,Every third night for week(s),0,Every fourth night for 4 week(s),0,Every fourth night for 4 week(s),0,5,NGO,N/A,"$73,489.00",28,NGO,"$77,048.00",28,NGO,"$83,363.00",28,NGO,Yes,NGO,NGO,No,Yes,No,No,No,No,No,Yes,No,No,No,No,No,No,No,No,Yes,Yes,Yes,Yes,Yes,No,Fully Paid by Institution,Resident Shares Cost,Resident Shares Cost,Fully Paid by Institution,Fully Paid by Institution,Fully Paid by Institution,Fully Paid by Institution,Fully Paid by Institution,Fully Paid by Institution,When resident/fellow starts program,No,Yes,Yes,Yes,Yes,Yes,No,Yes,Yes,No,Yes,Yes,Yes,No,No,Optional,No,No,Yes,,,12,N/A,Not Available,"$85,706.00",28,NGO,,,,
0,https://freida.ama-assn.org/program/1103521087,University-based,Icahn School of Medicine at Mount Sinai,4,4,No,Yes,July,Yes,No,http://icahn.mssm.edu/education/residencies-fellowships/list/,Not Available,"Elaine J Rabin
MD
Icahn Sch of Med at Mount Sinai
Dept of Emergency Medicine
1 Gustave L Levy Pl
New York, NY 10029
Tel: (212) 824-8054
Fax:
E-mail: claribel.velasquez@mountsinai.org","Claribel  Velasquez
Mount Sinai Med Ctr
Dept of Emergency Med Box 1149
1 Gustave L Levy Pl
New York, NY 10029
Tel: (212) 824-8069
Fax: (212) 731-7325
E-mail: claribel.velasquez@mountsinai.org",1103521087,"Icahn Sch of Med at Mount Sinai, Dept of Emergency Medicine, 1 Gustave L Levy Pl, New York, NY 10029","One Gustave L Levy Pl, New York, NY 10029-6574","79-01 Broadway, Elmhurst, NY 11373","1425 Madison Ave, New York, NY 10029","Program offers fourth-year specialty tracks (education, simulation, critical care, ultrasound, pediatrics, palliative care, geriatrics, administration, international/global health, many others).",25,25,25,No,No,"Yes , Codes: 1490110C0",No,10/20/2020,10/21/2020 - 2/28/2021_10/11/2021 - 2/28/2022,9/1/2021,10/1/2021,Yes,250,No,No,3,No,Yes,194___,No,226-235,"No, require USMLE scores for all applicants",No Answer,No Answer,"Desired, with some exceptions",Yes,Yes,Yes,49,1,4,1,53,2,38.7,0.5 to 1,53,12,2.5,Yes,No,100.0,0.0,0.0,40.0,59.9,Every fourth night for 4 week(s),4,Every third night for 4 week(s),4,N/A,4,5,NGO,N/A,"$70,876.00",20,8,"$73,311.00",20,8,"$76,660.00",20,8,Yes,30,60,No,No,No,No,No,No,No,Yes,No,No,No,No,No,No,No,No,No,No,Yes,No,Yes,Yes,Fully Paid by Institution,Resident Shares Cost,Not Available,Resident Shares Cost,Resident Shares Cost,Resident Shares Cost,Resident Shares Cost,Resident Shares Cost,Resident Shares Cost,When resident/fellow starts program,No,Yes,Yes,Yes,Yes,Yes,No,Yes,Yes,No,Yes,Yes,Yes,No,No,Required,Yes,Yes,Yes,"455 1st Ave, New York, NY 10016",,25,N/A,4,"$79,726.00",20,8,(4 wks ),,,
0,https://freida.ama-assn.org/program/1103521092,University-based,NYC Health + Hospitals/Bellevue,4,4,No,Yes,July,Yes,No,https://med.nyu.edu/emergency/education/residency,Not Available,"Jeremy B Branzetti
MD
NYC Health+Hosps/Bellevue
Dept of Emergency Medicine Rm A340A
462 First Ave
New York, NY 10016
Tel: (212) 562-4317
Fax:
E-mail: jeremy.branzetti@nyulangone.org","Alice  Genkin
BA
NYC Health+Hosps/Bellevue
Dept of Emergency Medicine Rm A340A
462 First Ave
New York, NY 10016
Tel: (212) 562-4317
Fax: (212) 263-6826
E-mail: alice.genkin@nyumc.org",1103521092,"NYC Health+Hosps/Bellevue, Dept of Emergency Medicine Rm A340A, 462 First Ave, New York, NY 10016","550 First Ave, New York, NY 10016-1111","462 First Ave, New York, NY 10016","301 E 17th St, New York, NY 10003",,18,18,18,No,No,"Yes , Codes: 2978110C0",No,11/1/2020,10/26/2020 - 1/26/2021_10/25/2021 - 1/25/2022,9/1/2021,11/1/2021,Yes,170,No,No,3,No,Yes,210___,No,No Answer,"No, require USMLE scores for all applicants","No, require USMLE scores for all applicants",No Answer,"Desired, with some exceptions",Yes,Yes,No,139,1,0,0,139,1,56.1,1.9 to 1,60,24,2,Yes,No,100.0,0.0,0.0,48.3,51.6,Every fourth night for 3 month(s),NGO,Two times per week for 2 month(s),NGO,Every fourth night for 1 month(s),NGO,5,NGO,N/A,"$70,000.00",20,NGO,"$73,000.00",20,NGO,"$76,000.00",20,NGO,No answer,NGO,NGO,No,Yes,Yes,No,No,No,No,Yes,Yes,Yes,No,No,No,No,No,No,No,No,No,No,Yes,Yes,Resident Shares Cost,Resident Shares Cost,Resident Shares Cost,Resident Shares Cost,Resident Shares Cost,Fully Paid by Institution,Resident Shares Cost,Fully Paid by Institution,Fully Paid by Institution,When resident/fellow starts program,No,Yes,Yes,Yes,Yes,No,No,No,Yes,No,Yes,Yes,Yes,No,No,Optional,Yes,Yes,Yes,"423 E 23rd St, New York, NY 10010","150 55th St, Brooklyn, NY 11220-2574",16,N/A,NGO,"$79,000.00",20,NGO,,"550 First Ave, New York, NY 10016","455 1st Ave, New York, NY 10016",
0,https://freida.ama-assn.org/program/1103521109,Community-based university affiliated,Mount Sinai Morningside,3,3,No,Yes,July,Yes,No,http://www.slrem.com,Not Available,"Chen  He
MD
Mount Sinai West
15th Fl
250 W 57th St
New York, NY 10019
Tel: (212) 523-6752
Fax: (212) 259-6760
E-mail: chen.he@mountsinai.org","Ericka  Salas
Mount Sinai West
15th Fl
250 W 57th St
New York, NY 10019
Tel: (212) 523-6752
Fax: (212) 259-6760
E-mail: ericka.salas@mountsinai.org",1103521109,"Mount Sinai West, 15th Fl, 250 W 57th St, New York, NY 10019","One Gustave L Levy Pl, New York, NY 10029-6574","1111 Amsterdam Ave, New York, NY 10025","1000 Tenth Ave, New York, NY 10019",One-to-one faculty/resident in ED; efficient ED; short door to doctor time; outstanding ultrasound experience; strong clinical and basic science research; three toxicologists on staff; simulation lab; and nurturing environment.,20,20,20,No,No,"Yes , Codes: 2070110C0",No,12/1/2020,11/2/2020 - 1/25/2021_11/1/2021 - 1/28/2022,11/1/2021,12/1/2021,Yes,180,No,No,3,No,Yes,194___,No,No Answer,"No, require USMLE scores for all applicants",No Answer,No Answer,Not known,Yes,Yes,Yes,47,0,0,0,47,0,53.1,0.7 to 1,54,12,2,Yes,,96.3,1.1,2.4,30.7,69.2,N/A,3,N/A,0,N/A,Not Available,5,0%,N/A,"$69,454.00",28,12,"$72,232.00",28,12,"$75,121.00",28,12,Yes,Not Available,NGO,No,No,No,No,No,Yes,No,Yes,No,Yes,No,No,No,No,No,No,No,No,No,Yes,Yes,Yes,Fully Paid by Institution,Fully Paid by Institution,Fully Paid by Institution,Fully Paid by Institution,Fully Paid by Institution,Fully Paid by Institution,Fully Paid by Institution,Fully Paid by Institution,Fully Paid by Institution,When resident/fellow starts program,No,Yes,No,Yes,Yes,No,No,No,Yes,No,Yes,Yes,Yes,No,No,Optional,No,No,Yes,"281 First St, New York, NY 10003","1425 Madison Ave, New York, NY 10029",,,,,,,,"455 1st Ave, New York, NY 10016",,Yes
0,https://freida.ama-assn.org/program/1103500217,Community-based university affiliated,Vassar Brothers Medical Center,3,3,No,Yes,July,Yes,No,https://meded.healthquest.org,Not Available,"Marc  Borenstein
MD
Vassar Brothers Hosp-Health Quest
Emergency Medicine Pgm
45 Reade Pl
Poughkeepsie, NY 12601
Tel: (845) 790-1304
Fax:
E-mail: mborenst@health-quest.org","Julia  Demboski
BBA
Vassar Brothers Hosp-Health Quest
Emergency Medicine Pgm
45 Reade Pl
Poughkeepsie, NY 12601
Tel: (845) 790-1317
Fax:
E-mail: jdembos1@health-quest.org",1103500217,"Vassar Brothers Hosp-Health Quest, Emergency Medicine Pgm, 45 Reade Pl, Poughkeepsie, NY 12601","1351 Rte 55, LaGrangeville, NY 12540","45 Reade Pl, Poughkeepsie, NY 12601","100 Woods Rd, Valhalla, NY 10595","Exceptional location in the mid-Hudson Valley with year round outdoors activities, cultural events, artisan culinary destinations, and convenient train transportation to NYC",10,10,10,No,No,Yes,No,9/1/2020,11/16/2020 - 1/15/2021_11/15/2021 - 1/14/2022,9/1/2021,1/10/2022,Yes,110,No,No,3,No,Yes,___,No,210-225,"No, require USMLE scores for all applicants","No, require USMLE scores for all applicants",541-600,"Desired, with some exceptions",Yes,Yes,No,10,0,0,0,10,0,50.0,0.3 to 1,57,12,1,No,No,,,,,,N/A,NGO,N/A,NGO,N/A,NGO,57,NGO,8%,"$67,500.00",28,Not Available,"$70,875.00",28,Not Available,"$76,545.00",28,Not Available,Yes,NGO,NGO,No,No,No,No,No,No,Yes,Yes,Yes,No,No,No,No,No,No,No,No,No,No,Yes,Yes,Yes,Resident Shares Cost,Resident Shares Cost,Resident Shares Cost,Resident Shares Cost,Resident Shares Cost,Fully Paid by Institution,Resident Shares Cost,Fully Paid by Institution,Fully Paid by Institution,When resident/fellow starts program,No,Yes,Yes,Yes,Yes,No,No,No,Yes,No,Yes,Yes,Yes,Yes,No,Optional,Yes,Yes,Yes,"6511 Springbrook Ave, Rhinebeck, NY 12572",,,,,,,,,,,
0,https://freida.ama-assn.org/program/1103521131,,,3,3,No,Yes,"June,July,Negotiable",Yes,No,https://www.urmc.rochester.edu/emergency-medicine.aspx,Not Available,"Ryan  Bodkin
MD, MBA
Univ of Rochester Med Ctr
Dept of Emergency Med Box 655
601 Elmwood Ave
Rochester, NY 14642
Tel: (585) 463-2940
Fax: (585) 473-3516
E-mail: ryanp_bodkin@urmc.rochester.edu","Jessica  Moriarty
Univ of Rochester Med Ctr
Dept of Emergency Med Box 655
601 Elmwood Ave
Rochester, NY 14642
Tel: (585) 463-2940
Fax: (585) 473-3516
E-mail: jessica_moriarty@urmc.rochester.edu",1103521131,"Univ of Rochester Med Ctr, Dept of Emergency Med Box 655, 601 Elmwood Ave, Rochester, NY 14642","601 Elmwood Ave, Rochester, NY 14642","1000 South Ave, Rochester, NY 14620-9986","156 West Ave, Brockport, NY 14420",,,,,,,,,,,,,,,,,,,,,,,,,,,,,,,,,,,,,,,,,,,,,,,,,,,,,,,,,,,,,,,,,,,,,,,,,,,,,,,,,,,,,,,,,,,,,,,,,,,,,,,,,,,,,,,,,,,,,,,,,,,,,,,,,,,
0,https://freida.ama-assn.org/program/1103512206,Community-based university affiliated,Staten Island University Hospital-Northwell Health,3,3,No,Yes,July,Yes,No,http://www.statenislandem.com/,Not Available,"Moshe  Weizberg
MD
Staten Island Univ Hosp
Emergency Medicine Pgm
475 Seaview Ave
Staten Island, NY 10305
Tel: (718) 226-1548
Fax: (718) 226-8447
E-mail: mweizberg@northwell.edu","Jennifer  Cohen
Staten Island Univ Hosp
Emergency Medicine Pgm
475 Seaview Ave
Staten Island, NY 10305
Tel: (718) 226-1548
Fax: (718) 226-8447
E-mail: jcohen15@northwell.edu",1103512206,"Staten Island Univ Hosp, Emergency Medicine Pgm, 475 Seaview Ave, Staten Island, NY 10305","125 Community Dr, Great Neck, NY 11021","475 Seaview Ave, Staten Island, NY 10305-3498","375 Seguine Ave, Staten Island, NY 10309","Level 1 trauma, Burn, STEMI Cath and Snake Bite Envenomation Center. Tracks in: critical care, administration, simulation, education, global health and ultrasound. iPads for every resident. Annual cadaver lab. National conference attendance. Simulation lab on premises. Audio recording of all conferences.",10,10,10,No,No,"Yes , Codes: 1515110C0",No,12/15/2020,10/26/2020 - 12/20/2020_10/25/2021 - 12/20/2021,9/1/2021,12/1/2021,Yes,177,No,No,1,No,Yes,210_220__,Yes,226-235,"No, require USMLE scores for all applicants","No, require USMLE scores for all applicants",Greater than 600,"Desired, with some exceptions",No,No,No,53,0,0,0,53,0,54.7,1.7 to 1,54,12,1,Yes,No,57.0,1.3,41.6,50.4,49.5,N/A,0,Every fourth night for 6 week(s),0,N/A,Not Available,5,0%,4%,"$73,000.00",20,NGO,"$75,000.00",20,NGO,"$77,000.00",20,NGO,Yes,NGO,NGO,No,No,No,No,No,Yes,Yes,Yes,Yes,Yes,No,No,No,No,No,No,No,No,Yes,Yes,Yes,Yes,Resident Shares Cost,Resident Shares Cost,Not Available,Resident Shares Cost,Resident Shares Cost,Fully Paid by Institution,Resident Shares Cost,Resident Shares Cost,Fully Paid by Institution,When resident/fellow starts program,No,Yes,Yes,Yes,Yes,No,No,Yes,Yes,No,Yes,Yes,Yes,No,Yes,Required,No,No,Yes,,,,,,,,,(4 wks ),,,
0,https://freida.ama-assn.org/program/1103521091,University-based,Stony Brook Medicine,3,3,No,Yes,July,Yes,No,https://renaissance.stonybrookmedicine.edu/emergencymedicine/residency,Not Available,"Scott  Johnson
MD
Stony Brook Med
Dept of Emergency Medicine
HSC Level 4 Rm 050
Stony Brook, NY 11794-8350
Tel: (631) 444-3880
Fax: (631) 444-3919
E-mail: scott.johnson@stonybrookmedicine.edu","Tara  Brown
SUNY Stony Brook Univ
Dept of Emergency Medicine
HSC Level 4 Rm 050
Stony Brook, NY 11794-8350
Tel: (631) 444-3880
Fax: (631) 444-3919
E-mail: tara.brown@stonybrookmedicine.edu",1103521091,"Stony Brook Med, Dept of Emergency Medicine, HSC Level 4 Rm 050, Stony Brook, NY 11794-8350","101 Nichols Rd, Stony Brook, NY 11794","22 S Greene St, Baltimore, MD 21201-1595","79 Middleville Rd, Northport, NY 11768","Formal teaching programs and opportunity to participate as an instructor for medical student courses; MCS, ICM. Salary includes resident stipend and location stipend. Step 3 expenses paid. Memberships to ACEP and EMRA. Board Review (ROSH Review, HIPPOEM). Conference cost reimbursement. Four weeks paid vacation per year. iPad and iPhone.",16,16,16,No,No,"Yes , Codes: 2919110C0",No,12/15/2020,11/2/2020 - 1/15/2021_10/18/2021 - 1/7/2022,9/15/2021,12/15/2021,Yes,203,No,No,3,No,Yes,215_215_560_560,Yes,226-235,Yes,Yes,Greater than 600,Required,Yes,No,No,34,12,3,4,37,16,11.7,0.7 to 1,57,12,2,No,No,94.0,1.4,4.4,31.0,68.9,N/A,NGO,N/A,NGO,N/A,NGO,5,NGO,N/A,"$67,833.00",20,16,"$72,205.00",20,17,"$76,203.00",20,19,No answer,NGO,NGO,No,Yes,No,No,No,Yes,No,Yes,Yes,No,No,No,No,No,No,No,Yes,No,No,No,Yes,No,Resident Shares Cost,Resident Shares Cost,Resident Shares Cost,Resident Shares Cost,Resident Shares Cost,Fully Paid by Institution,Fully Paid by Institution,Fully Paid by Institution,Not Available,Within 30 days of starting program,No,Yes,No,Yes,Yes,Yes,No,No,No,No,Yes,Yes,Yes,No,Yes,Required,Yes,Yes,No,"1000 Montauk Hwy, West Islip, NY 11795","455 1st Ave, New York, NY 10016",,,,,,,(2 wks ),,,
0,https://freida.ama-assn.org/program/1103521121,University-based,SUNY Upstate Medical University,3,3,No,Yes,July,Yes,No,http://www.upstate.edu/uh/emergency/,Not Available,"William  Klawitter
MD, PhD
SUNY Upstate Med Univ
Dept of Emergency Medicine
550 E Genesee St
Syracuse, NY 13202
Tel: (315) 464-4363
Fax: (315) 464-4854
E-mail: resapp@upstate.edu","Diane B Hartzog
SUNY Upstate Med Univ
Dept of Emergency Medicine
550 E Genesee St
Syracuse, NY 13202
Tel: (315) 464-4363
Fax: (315) 464-4854
E-mail: resapp@upstate.edu",1103521121,"SUNY Upstate Med Univ, Dept of Emergency Medicine, 550 E Genesee St, Syracuse, NY 13202","750 E Adams St, Syracuse, NY 13210","800 Irving Ave, Syracuse, NY 13210","301 Prospect Ave, Syracuse, NY 13203-1807",,11,11,11,No,No,"Yes , Codes: 1516110C0",No,10/21/2020,11/1/2020 - 1/31/2021_11/1/2021 - 1/31/2022,10/1/2021,10/21/2021,No,135,No,No,3,No,Yes,192_209_400_400,Yes,No Answer,Yes,Yes,Below 450,Not known,Yes,No,No,41,4,2,0,43,4,24.3,1.2 to 1,50,24,1,Yes,No,46.0,18.9,34.9,36.1,63.8,N/A,0,N/A,0,N/A,Not Available,5,NGO,N/A,"$55,177.00",15,Not Available,"$59,329.00",21,Not Available,"$62,086.00",21,Not Available,No answer,18,84,No,Yes,No,No,No,No,No,Yes,No,No,No,Yes,No,No,No,No,No,No,No,Yes,No,Yes,Resident Shares Cost,Resident Shares Cost,Not Available,Resident Shares Cost,Resident Shares Cost,Fully Paid by Institution,Resident Shares Cost,"Available, Not Paid By Institution",Fully Paid by Institution,More than 30 days of starting program,No,Yes,No,Yes,Yes,No,No,No,No,No,Yes,Yes,Yes,No,No,Not available,No,No,Yes,"736 Irving Ave, Syracuse, NY 13210",,,,,,,,,,,
0,https://freida.ama-assn.org/program/1103500211,,,4,4,No,Yes,July,Yes,No,http://www.good-samaritan-hospital.org,Not Available,"David  Levy
DO
Good Samaritan Hosp Med Ctr
Emergency Medicine Pgm
1000 Montauk Hwy
West Islip, NY 11795
Tel: (631) 376-4163
Fax: (631) 376-3420
E-mail: david.levy@chsli.org","Alison  Kucera
Good Samaritan Hosp Med Ctr
Emergency Medicine Pgm
1000 Montauk Hwy
West Islip, NY 11795
Tel: (631) 376-4163
Fax:
E-mail: alison.kucera@chsli.org",1103500211,"Good Samaritan Hosp Med Ctr, Emergency Medicine Pgm, 1000 Montauk Hwy, West Islip, NY 11795","1000 Montauk Hwy, West Islip, NY 11795","1000 N Village Ave, Rockville Centre, NY 11570","79-01 Broadway, Elmhurst, NY 11373",,,,,,,,,,,,,,,,,,,,,,,,,,,,,,,,,,,,,,,,,,,,,,,,,,,,,,,,,,,,,,,,,,,,,,,,,,,,,,,,,,,,,,,,,,,,,,,,,,,,,,,,,,,,,,,,,,,,,,,,"Metroteck, Brooklyn, NY 11234","455 1st Ave, New York, NY 10016",,,,,,,,"375 E Main St, Bay Shore, NY 11706",,
0,https://freida.ama-assn.org/program/1103500215,Community-based,St John's Riverside Hospital,3,3,No,Yes,July,Yes,No,http://www.riversidehealth.org/Programs/Emergency-Medicine-Residency,St. John's Riverside Hospital Emergency Medicine Residency Program Virtual Tour Video,"Miriam  Kulkarni
MD
St John's Riverside Hosp
Emergency Medicine Pgm
967 N Broadway
Yonkers, NY 10701
Tel: (914) 798-8884
Fax: (914) 964-4812
E-mail: mkulkarni@riversidehealth.org","Virginia E Montano
BS
St John's Riverside Hosp
Emergency Medicine Pgm
967 N Broadway
Yonkers, NY 10701
Tel: (914) 798-8884
Fax: (914) 798-8946
E-mail: vmontano@riversidehealth.org",1103500215,"St John's Riverside Hosp, Emergency Medicine Pgm, 967 N Broadway, Yonkers, NY 10701","967 N Broadway, Yonkers, NY 10701","967 Broadway, Yonkers, NY 10701","1400 Pelham Pkwy S, Bronx, NY 10461",,10,10,10,No,No,"Yes , Codes: 1897110C0",No,1/30/2021,10/7/2020 - 1/31/2021_10/1/2021 - 1/31/2022,9/1/2021,1/31/2022,Yes,150,No,No,2,No,Yes,___,No,226-235,No,No,No Answer,"Desired, with some exceptions",No,No,No,16,0,2,0,18,0,68.7,0.5 to 1,54,12,2,No,No,91.6,2.7,5.5,31.1,68.8,Three times per week for 4 week(s),Not Available,N/A,Not Available,Three times per week for 4 week(s),Not Available,5,NGO,N/A,"$60,000.00",28,Not Available,"$62,000.00",28,Not Available,"$67,000.00",28,Not Available,Yes,Not Available,Not Available,No,No,No,No,No,No,No,No,Yes,No,No,No,No,No,No,No,No,No,No,No,Yes,Yes,Fully Paid by Institution,Fully Paid by Institution,Fully Paid by Institution,Fully Paid by Institution,Fully Paid by Institution,Not Available,Fully Paid by Institution,Not Available,Not Available,When resident/fellow starts program,No,Yes,No,Yes,No,No,No,No,No,No,No,No,No,No,No,Required,Yes,Yes,Yes,"128 Ashford Ave, Dobbs Ferry, NY 10522",,,,,,,,(2 wks ),,,
0,https://freida.ama-assn.org/program/1103800209,Community-based university affiliated,Summa Health System,3,3,Yes,Yes,July,Yes,No,https://www.summahealth.org/medicaleducation/,Not Available,"Michael S Beeson
MD, MBA
Summa Health System
ED Admin Lower Level
525 E Market St
Akron, OH 44304
Tel: (330) 375-4021
Fax:
E-mail: beesonm@summahealth.org","Samantha  Lingenfelter
MPH
Summa Health System
ED Admin Lower Level
525 E Market St
Akron, OH 44304
Tel: (330) 375-4021
Fax:
E-mail: lingenfeltes@summahealth.org",1103800209,"Summa Health System, ED Admin Lower Level, 525 E Market St, Akron, OH 44304","525 E Market St, Akron, OH 44309-2090","155 Fifth St NE, Barberton, OH 44203","525 E Market St, Akron, OH 44309-2090",,8,8,8,No,No,"Yes , Codes: 1541110C0",No,,-_-,,,Yes,85,No,No,,No,No,___,No,No Answer,No Answer,No Answer,No Answer,Not known,Yes,No,No,0,0,0,0,0,0,,0.0 to 1,Not Available,Not Available,Not Available,No,No,,,,,,N/A,Not Available,N/A,Not Available,N/A,Not Available,5,NGO,N/A,"$57,952.00",15,Not Available,"$58,078.00",15,Not Available,"$61,081.00",15,Not Available,Yes,Not Available,Not Available,No,No,No,No,Yes,No,Yes,Yes,Yes,No,Yes,No,No,No,No,No,No,No,No,Yes,Yes,No,Resident Shares Cost,Resident Shares Cost,Resident Shares Cost,Resident Shares Cost,Resident Shares Cost,Resident Shares Cost,Resident Shares Cost,Fully Paid by Institution,Fully Paid by Institution,When resident/fellow starts program,No,No,No,No,No,No,No,No,No,No,No,Yes,Yes,No,No,Required,Yes,Yes,Yes,"One Perkins Sq, Akron, OH 44308-1062","1825 Franks Pkwy, Uniontown, OH 44685",,,,,,,NGO (wks),,,
0,https://freida.ama-assn.org/program/1103812035,Community-based university affiliated,Cleveland Clinic Akron General,3,3,No,Yes,July,Yes,No,http://www.akrongeneral.org/emergencymedicineresidency,Not Available,"Rebecca Ashleyfait Merrill
MD
Akron General Med Ctr
Emergency Medicine Pgm
1 Akron General Ave
Akron, OH 44307
Tel: (330) 344-6326
Fax: (330) 253-8293
E-mail: merrilr2@ccf.org","Angie  South
Akron General Med Ctr
Emergency Medicine Pgm
1 Akron General Ave
Akron, OH 44307
Tel: (330) 344-6326
Fax: (330) 253-8293
E-mail: southa2@ccf.org",1103812035,"Akron General Med Ctr, Emergency Medicine Pgm, 1 Akron General Ave, Akron, OH 44307","400 Wabash Ave, Akron, OH 44307","2500 MetroHealth Dr, Cleveland, OH 44109-1998","One Perkins Sq, Akron, OH 44308-1062","We are community based program with a young, vibrant teaching faculty. We have a brand new Emergency Room with the latest technology.",11,11,12,No,No,"Yes , Codes: 1542110C0",No,12/1/2020,10/25/2020 - 1/31/2021_10/17/2021 - 1/31/2022,10/1/2021,12/1/2021,Yes,92,No,No,3,No,Yes,215_220__,Yes,226-235,"No, require USMLE scores for all applicants","No, require USMLE scores for all applicants",No Answer,"Desired, with some exceptions",Yes,Yes,Yes,44,0,4,0,48,0,45.4,1.3 to 1,55,16,1,Yes,No,84.8,0.0,15.1,44.6,55.3,Every fourth night for 2 month(s),12,Every fourth night for 2 month(s),12,Every fourth night for 1 month(s),4,6,NGO,N/A,"$58,642.00",15,NGO,"$60,618.00",15,NGO,"$62,577.00",15,NGO,Yes,NGO,NGO,No,No,No,No,No,No,Yes,Yes,Yes,No,Yes,No,No,No,No,No,No,No,No,Yes,Yes,Yes,Resident Shares Cost,Resident Shares Cost,Resident Shares Cost,Resident Shares Cost,Resident Shares Cost,Resident Shares Cost,Resident Shares Cost,Resident Shares Cost,Fully Paid by Institution,When resident/fellow starts program,No,Yes,Yes,Yes,Yes,No,No,No,No,No,No,Yes,No,No,No,Required,No,No,Yes,,,,,,,,,(4 wks ),,,
0,https://freida.ama-assn.org/program/1103800206,,,3,3,No,Yes,July,Yes,No,https://www.mercy.com/about-us/careers/graduate-medical-education/locations,Not Available,"Thomas  Gifford
DO
St Elizabeth Boardman Hosp
Emergency Medicine Pgm
8401 Market St
Boardman, OH 44512
Tel: (330) 729-7960
Fax: (330) 729-7961
E-mail: thomasgifford@mercy.com","Melissa  Nagel
St Elizabeth Boardman Hosp
Emergency Medicine Pgm
8401 Market St
Boardman, OH 44512
Tel: (330) 729-7960
Fax: (330) 729-7961
E-mail: mnagel@mercy.com",1103800206,"St Elizabeth Boardman Hosp, Emergency Medicine Pgm, 8401 Market St, Boardman, OH 44512","8401 Market St, Boardman, OH 44512","1044 Belmont Ave, Youngstown, OH 44501-1790","One Perkins Sq, Akron, OH 44308-1062",,,,,,,,,,,,,,,,,,,,,,,,,,,,,,,,,,,,,,,,,,,,,,,,,,,,,,,,,,,,,,,,,,,,,,,,,,,,,,,,,,,,,,,,,,,,,,,,,,,,,,,,,,,,,,,,,,,,,,,,"2222 Cherry St, Toledo, OH 43608","667 Eastland Ave SE, Warren, OH 44484",,,,,,,,,,
0,https://freida.ama-assn.org/program/1103800210,Community-based university affiliated,Aultman Hospital/NEOMED,3,3,No,Yes,July,Yes,No,http://www.aultman.com,Not Available,"Alison P Southern
MD
Aultman Hosp
Emergency Medicine Pgm
2600 Sixth St SW
Canton, OH 44720
Tel: (330) 962-3673
Fax:
E-mail: elizabeth.clary@aultman.com","Elizabeth  Clary
Aultman Hosp
Emergency Medicine Pgm
2600 Sixth St SW
Canton, OH 44720
Tel:
Fax:
E-mail: elizabeth.clary@aultman.com",1103800210,"Aultman Hosp, Emergency Medicine Pgm, 2600 Sixth St SW, Canton, OH 44720","2600 6th St SW, Canton, OH 44710","2500 MetroHealth Dr, Cleveland, OH 44109-1998","One Perkins Sq, Akron, OH 44308-1062",,6,6,6,No,No,"Yes , Codes: 1544110C0",No,1/4/2021,11/3/2020 - 1/27/2021_11/2/2021 - 1/26/2022,9/1/2021,1/3/2022,Yes,,No,No,2,No,Yes,210__450_,No,210-225,Yes,No,450-500,"Desired, with some exceptions",No,No,No,35,0,0,0,35,0,28.5,1.9 to 1,60,12,2,Yes,,,,,,,N/A,Not Available,N/A,Not Available,N/A,Not Available,5,NGO,N/A,"$56,598.00",15,28,"$58,523.00",15,28,"$60,499.00",15,28,Yes,28,56,No,Yes,No,No,No,No,Yes,Yes,Yes,Yes,Yes,No,No,No,No,No,No,No,No,Yes,Yes,No,Resident Shares Cost,Resident Shares Cost,Resident Shares Cost,Resident Shares Cost,Resident Shares Cost,Fully Paid by Institution,Resident Shares Cost,Fully Paid by Institution,Fully Paid by Institution,When resident/fellow starts program,No,Yes,Yes,Yes,Yes,No,No,Yes,Yes,Yes,Yes,Yes,Yes,No,No,Optional,Yes,Yes,No,"1900 23rd St, Cuyahoga Falls, OH 44223",,,,,,,,,,,Yes
