Table 10,,,,,,,,,,,
Offenses Known to Law Enforcement,,,,,,,,,,,
"by State by Metropolitan and Nonmetropolitan Counties, 2019",,,,,,,,,,,
[The data shown in this table do not reflect county totals but are the number of offenses reported by the sheriff's office or county police department.],,,,,,,,,,,
State,County,"Violent
crime","Murder and
nonnegligent
manslaughter",Rape1,Robbery,"Aggravated
assault","Property
crime",Burglary,"Larceny-
theft","Motor
vehicle
theft",Arson2
ALABAMA3,,,,,,,,,,,
ARIZONA - Metropolitan Counties,Cochise,47,0,1,3,43,531,195,273,63,5
,Coconino,127,6,17,1,103,264,59,180,25,6
,Mohave,135,3,6,19,107,"1,983",573,"1,197",213,13
,Pinal,197,3,5,18,171,"1,469",321,987,161,
,Yavapai,193,5,0,4,184,860,155,608,97,10
,Yuma,136,7,17,6,106,807,223,502,82,7
ARIZONA - Nonmetropolitan Counties,Gila,176,1,3,5,167,384,65,252,67,
,Graham,61,4,0,0,57,104,20,76,8,12
,La Paz,40,1,2,3,34,310,87,181,42,1
,Navajo,43,1,0,5,37,341,192,115,34,5
,Santa Cruz,1,0,0,0,1,117,35,66,16,0
ARKANSAS - Metropolitan Counties,Benton4,159,3,32,3,121,,,188,61,1
,Cleveland,20,0,4,0,16,162,90,56,16,2
,Craighead,48,2,16,1,29,315,108,168,39,3
,Crawford,55,1,1,1,52,254,37,188,29,0
,Crittenden,123,3,9,8,103,286,83,182,21,1
,Faulkner,116,1,18,5,92,749,176,476,97,6
,Garland4,279,0,25,8,246,,,675,145,0
,Grant,28,0,3,1,24,167,53,86,28,1
,Jefferson,78,4,12,2,60,414,110,247,57,7
,Lincoln,14,0,7,0,7,40,15,20,5,0
,Little River,10,0,1,1,8,93,27,58,8,1
,Lonoke,75,1,8,0,66,374,68,220,86,4
,Madison,44,1,5,1,37,169,48,99,22,3
,Miller,57,0,8,1,48,199,68,113,18,0
,Perry,29,0,7,0,22,95,23,72,0,0
,Poinsett,42,0,4,0,38,138,60,50,28,0
,Pulaski,428,4,31,27,366,"1,638",353,"1,123",162,9
,Saline4,187,7,31,2,147,,,376,81,2
,Sebastian,45,0,6,0,39,223,83,127,13,1
,Washington,177,5,6,1,165,572,139,346,87,8
ARKANSAS - Nonmetropolitan Counties,Arkansas,15,0,1,1,13,58,14,42,2,1
,Ashley,22,0,1,2,19,153,38,98,17,3
,Baxter,70,1,15,1,53,616,81,472,63,5
,Boone,199,0,30,1,168,269,79,150,40,1
,Bradley,8,0,0,0,8,51,31,12,8,0
,Calhoun,11,0,0,0,11,68,22,34,12,0
,Carroll,45,0,5,1,39,209,52,111,46,1
,Chicot,13,0,2,0,11,76,18,58,0,0
,Clark,11,0,0,0,11,70,19,42,9,0
,Cleburne,142,0,21,4,117,297,86,185,26,6
,Columbia,23,1,2,0,20,67,21,37,9,0
,Conway,46,2,13,1,30,234,43,164,27,9
,Drew,16,0,4,0,12,66,23,37,6,0
,Fulton,29,0,3,0,26,51,0,45,6,0
,Hempstead,29,0,6,1,22,143,41,75,27,1
,Howard,20,0,4,0,16,57,29,25,3,0
,Independence,153,1,44,2,106,367,110,209,48,14
,Izard,33,0,8,0,25,197,55,130,12,5
,Jackson,45,1,6,1,37,119,10,80,29,5
,Johnson,40,0,7,0,33,114,47,51,16,2
,Lee,13,1,4,0,8,101,26,64,11,1
,Logan,36,0,10,0,26,162,35,117,10,6
,Marion,32,0,9,0,23,243,80,150,13,0
,Mississippi,23,0,3,2,18,247,81,133,33,3
,Monroe,1,0,1,0,0,32,3,14,15,1
,Pike,10,0,3,0,7,73,22,49,2,1
,Pope,91,2,15,1,73,309,102,163,44,4
,Prairie,3,0,1,1,1,67,24,39,4,0
,Randolph,40,1,16,0,23,112,24,75,13,2
,Scott,22,0,2,1,19,65,28,29,8,0
,Sevier,26,0,6,0,20,88,21,53,14,2
,St. Francis,40,0,7,6,27,286,80,206,0,2
,Union,60,3,2,3,52,273,76,174,23,2
,Van Buren,44,2,5,0,37,141,24,82,35,11
,White,200,0,61,8,131,598,154,354,90,6
,Woodruff,6,0,0,0,6,62,18,41,3,0
,Yell,30,0,5,0,25,177,66,90,21,1
CALIFORNIA - Metropolitan Counties,Alameda,633,5,27,210,391,"2,169",354,"1,324",491,21
,Butte,283,5,32,28,218,"1,290",524,724,42,3
,Contra Costa,332,8,28,89,207,"1,499",411,"1,053",35,11
,El Dorado,173,3,47,29,94,"1,695",482,"1,186",27,4
,Fresno,"1,082",14,38,102,928,"3,281","1,378","1,304",599,129
,Imperial,211,2,11,7,191,588,178,324,86,22
,Kern,"2,864",29,244,433,"2,158","9,449","2,756","4,680","2,013",275
,Kings,125,2,19,19,85,432,114,297,21,1
,Los Angeles,"5,564",68,300,"1,443","3,753","15,040","2,798","8,595","3,647",220
,Madera,457,1,34,14,408,"1,017",375,621,21,7
,Marin,63,1,5,12,45,738,143,591,4,1
,Merced,500,4,19,24,453,"1,515",487,956,72,8
,Monterey,258,3,25,36,194,"1,125",361,733,31,7
,Napa,69,0,11,7,51,269,55,212,2,0
,Orange,247,2,11,21,213,881,142,642,97,4
,Placer,183,3,28,13,139,"1,077",278,769,30,9
,Riverside,932,24,37,179,692,"7,220","1,454","4,320","1,446",24
,Sacramento,"2,408",36,161,685,"1,526","8,067","2,276","5,634",157,67
,San Benito,33,0,7,2,24,152,34,105,13,0
,San Bernardino,"1,503",27,115,189,"1,172","3,945","1,142","1,875",928,53
,San Diego,"1,499",10,104,224,"1,161","4,300",901,"2,498",901,30
,San Joaquin,903,5,35,162,701,"2,439",719,"1,589",131,24
,San Luis Obispo,181,5,26,5,145,963,331,614,18,7
,San Mateo,324,3,71,62,188,"3,245",297,"2,612",336,5
,Santa Barbara,232,2,17,26,187,"1,257",305,938,14,8
,Santa Clara,356,2,40,25,289,"1,518",178,"1,154",186,4
,Santa Cruz,331,5,58,34,234,"1,630",439,"1,174",17,7
,Shasta,386,4,41,34,307,824,415,332,77,12
,Solano,109,1,13,18,77,377,110,192,75,7
,Sonoma,497,1,45,36,415,"1,089",350,733,6,22
,Stanislaus,370,8,17,90,255,"1,602",559,"1,000",43,13
,Sutter,77,1,4,13,59,576,167,350,59,1
,Tulare5,334,9,30,64,231,"1,893",637,"1,254",2,0
,Ventura,159,5,18,25,111,543,112,363,68,13
,Yolo,69,0,8,6,55,294,79,204,11,1
,Yuba,204,5,21,37,141,847,316,520,11,11
CALIFORNIA - Nonmetropolitan Counties,Alpine,13,0,2,0,11,29,12,14,3,0
,Amador,66,1,3,8,54,416,146,268,2,4
,Calaveras,139,1,32,8,98,668,274,380,14,0
,Colusa,26,0,8,4,14,169,53,111,5,3
,Del Norte,84,2,11,18,53,424,192,228,4,12
,Glenn,55,2,8,8,37,362,86,239,37,3
,Humboldt,310,1,21,59,229,"1,092",398,661,33,17
,Inyo,60,1,9,3,47,192,86,105,1,0
,Lake,193,3,21,19,150,435,204,225,6,5
,Lassen,78,0,8,0,70,172,100,65,7,1
,Mariposa,79,0,8,2,69,171,53,115,3,0
,Mendocino,178,2,29,14,133,414,174,225,15,18
,Modoc,31,0,2,1,28,29,6,22,1,0
,Mono,25,0,3,0,22,53,21,32,0,1
,Nevada,118,0,9,6,103,424,191,226,7,1
,Plumas,128,1,9,5,113,294,116,167,11,3
,Sierra,1,0,0,0,1,31,15,16,0,0
,Siskiyou,70,5,2,2,61,146,69,69,8,1
,Tehama,95,2,14,12,67,472,179,278,15,0
,Trinity,61,2,10,9,40,190,83,101,6,2
,Tuolumne,169,2,62,7,98,669,306,355,8,6
COLORADO - Metropolitan Counties,Adams,513,7,94,76,336,"2,845",350,"1,608",887,23
,Boulder,85,1,11,8,65,617,143,431,43,3
,Douglas,318,2,99,21,196,"2,098",328,"1,610",160,20
,Elbert,5,0,1,0,4,5,1,2,2,1
,El Paso,484,7,112,50,315,"2,351",402,"1,509",440,23
,Gilpin,25,0,2,4,19,83,21,55,7,1
,Larimer,211,2,24,7,178,753,134,531,88,8
,Mesa,164,5,36,18,105,"1,059",249,694,116,17
,Park,41,1,6,1,33,65,17,42,6,2
,Pueblo,45,2,0,5,38,"1,058",183,720,155,1
,Teller,13,0,1,0,12,53,14,31,8,1
,Weld,136,2,24,10,100,664,128,415,121,8
COLORADO - Nonmetropolitan Counties,Archuleta,46,0,13,1,32,125,38,73,14,1
,Baca,3,0,0,0,3,2,0,1,1,0
,Bent,17,1,3,1,12,166,57,96,13,1
,Chaffee,3,0,2,0,1,57,10,38,9,0
,Cheyenne,3,0,0,0,3,14,2,12,0,0
,Crowley,5,0,1,0,4,61,25,30,6,1
,Custer,8,0,0,0,8,67,7,53,7,1
,Dolores,1,0,0,0,1,22,13,5,4,0
,Eagle,28,0,12,0,16,190,25,154,11,2
,Fremont,35,1,9,1,24,198,51,110,37,0
,Garfield,70,0,15,4,51,205,55,130,20,4
,Gunnison,6,0,1,0,5,21,2,15,4,0
,Huerfano,24,0,4,1,19,151,51,78,22,1
,Kiowa,2,0,0,0,2,14,4,8,2,0
,Kit Carson,4,1,1,0,2,42,19,21,2,1
,La Plata,50,1,19,0,30,197,54,125,18,3
,Las Animas,16,1,1,0,14,53,18,31,4,2
,Logan,33,1,7,0,25,109,51,42,16,1
,Moffat,15,0,0,0,15,10,1,9,0,0
,Montezuma,15,1,1,1,12,136,52,71,13,1
,Montrose,20,0,3,0,17,176,59,108,9,1
,Morgan,21,1,9,0,11,127,49,66,12,3
,Otero,21,4,7,0,10,92,24,47,21,0
,Phillips,2,0,0,0,2,2,0,2,0,0
,Pitkin,2,0,2,0,0,23,2,19,2,0
,Prowers,2,0,0,0,2,16,3,9,4,0
,Rio Grande,3,0,0,1,2,55,17,31,7,0
,Routt,5,1,1,0,3,48,8,37,3,0
,San Juan,1,0,0,0,1,9,0,6,3,0
,San Miguel,2,0,0,0,2,5,2,3,0,0
,Summit,36,0,16,1,19,237,44,189,4,2
,Washington,3,1,0,1,1,74,7,52,15,0
,Yuma,4,0,3,0,1,44,15,28,1,0
DELAWARE - Metropolitan Counties,New Castle County Police Department,912,8,103,112,689,"4,125",668,"2,955",502,0
FLORIDA - Metropolitan Counties,Alachua,738,4,111,99,524,"1,817",414,"1,260",143,19
,Baker,121,0,14,7,100,275,63,181,31,0
,Bay,360,4,51,26,279,"2,192",464,"1,544",184,6
,Brevard,540,8,52,54,426,"3,548",656,"2,589",303,14
,Broward,349,2,26,93,228,694,99,527,68,1
,Charlotte,301,2,41,16,242,"1,833",262,"1,445",126,9
,Citrus,366,4,29,40,293,"2,046",394,"1,466",186,14
,Clay,510,4,86,64,356,"2,876",496,"2,213",167,10
,Collier,864,8,124,144,588,"3,884",433,"3,177",274,7
,Escambia,"1,451",24,149,299,979,"7,196","1,540","5,117",539,3
,Flagler,172,3,36,8,125,"1,022",150,803,69,3
,Gadsden,77,0,15,7,55,264,114,138,12,1
,Gilchrist,33,0,8,1,24,145,53,68,24,0
,Hernando,465,6,58,43,358,"2,258",397,"1,690",171,9
,Highlands,209,5,20,40,144,"1,755",401,"1,279",75,5
,Hillsborough,"1,752",32,248,278,"1,194","11,353","1,460","8,948",945,33
,Indian River,274,5,24,18,227,"1,398",177,"1,123",98,0
,Jefferson,69,1,2,1,65,157,61,82,14,1
,Lake,445,3,66,51,325,"2,231",567,"1,404",260,11
,Lee,"1,236",9,191,256,780,"4,632",806,"3,398",428,29
,Leon,322,1,35,22,264,"1,447",273,"1,059",115,1
,Levy,462,1,17,2,442,527,225,243,59,4
,Manatee,"1,368",10,179,173,"1,006","4,650",648,"3,659",343,15
,Marion,"1,014",24,171,96,723,"3,987",853,"2,614",520,4
,Martin,293,3,83,34,173,"1,528",199,"1,265",64,3
,Miami-Dade,"5,353",90,478,"1,294","3,491","31,822","2,869","25,805","3,148",74
,Nassau,174,1,35,4,134,919,332,514,73,5
,Okaloosa,535,7,82,39,407,"2,375",271,"1,912",192,2
,Orange,"4,874",58,437,"1,112","3,267","20,832","3,236","15,470","2,126",0
,Osceola,678,9,80,86,503,"4,509",830,"3,408",271,5
,Palm Beach,"1,589",31,215,290,"1,053","9,137","1,073","7,255",809,26
,Pasco,"1,452",13,225,259,955,"6,456",993,"4,969",494,46
,Pinellas,466,7,91,62,306,"3,831",507,"3,090",234,11
,Polk,"1,166",10,63,128,965,"5,089",971,"3,572",546,6
,Santa Rosa,209,4,54,14,137,"1,360",276,973,111,7
,Sarasota,475,3,26,64,382,"4,183",583,"3,398",202,6
,Seminole,445,4,83,45,313,"2,551",392,"1,977",182,5
,St. Johns,281,5,24,32,220,"2,104",297,"1,657",150,4
,St. Lucie,259,2,42,36,179,"1,160",210,842,108,8
,Sumter,176,5,15,13,143,884,194,589,101,4
,Volusia,546,7,60,87,392,"2,205",421,"1,572",212,14
,Wakulla,75,0,11,2,62,503,124,346,33,1
,Walton,114,1,15,4,94,755,130,569,56,0
FLORIDA - Nonmetropolitan Counties,Bradford,65,0,12,3,50,226,82,123,21,1
,Calhoun,30,1,0,1,28,78,27,42,9,0
,Columbia,158,1,17,19,121,894,361,483,50,2
,DeSoto,104,0,17,6,81,512,147,321,44,2
,Dixie,85,1,14,2,68,147,88,44,15,1
,Franklin,59,0,1,0,58,211,33,169,9,2
,Glades,24,0,2,0,22,124,20,92,12,0
,Gulf,29,1,1,0,27,156,47,97,12,0
,Hamilton,41,1,4,4,32,186,56,119,11,1
,Hardee,47,1,4,4,38,270,79,167,24,0
,Hendry,126,7,19,11,89,630,254,328,48,3
,Holmes,72,0,12,3,57,158,54,97,7,0
,Lafayette,13,0,1,0,12,37,12,20,5,0
,Liberty,19,1,0,1,17,66,22,35,9,0
,Madison,109,0,14,3,92,174,71,101,2,0
,Monroe,186,2,19,23,142,681,86,557,38,6
,Okeechobee,162,2,21,25,114,780,153,549,78,0
,Putnam,124,4,21,10,89,797,217,528,52,0
,Suwannee,148,2,17,2,127,432,137,269,26,0
,Taylor,71,0,9,4,58,229,91,108,30,0
,Union,47,0,12,3,32,83,30,47,6,0
,Washington,32,0,0,1,31,132,44,74,14,0
GEORGIA - Metropolitan Counties6,Brooks,50,0,5,1,44,196,47,122,27,0
,Bryan,47,1,5,9,32,277,45,217,15,0
,Burke,27,0,2,3,22,225,57,142,26,0
,Butts,57,2,6,3,46,329,40,266,23,1
,Cherokee,74,0,19,12,43,"1,145",149,902,94,0
,Clayton County Police Department,"1,440",33,220,422,765,"7,364","1,627","4,595","1,142",20
,Cobb,6,0,0,0,6,74,0,71,3,0
,Coweta,596,5,53,10,528,"1,007",179,730,98,3
,Dougherty,0,0,0,0,0,56,0,55,1,0
,Dougherty County Police Department,38,0,5,9,24,284,84,173,27,0
,Echols,3,0,1,0,2,19,9,10,0,0
,Fayette,50,4,7,5,34,346,93,222,31,2
,Forsyth,123,1,22,7,93,"1,377",180,"1,077",120,0
,Hall,252,4,37,20,191,"1,315",288,876,151,4
,Haralson,146,1,8,2,135,384,102,234,48,3
,Heard,18,0,1,2,15,96,25,60,11,2
,Jasper,69,0,2,2,65,193,34,144,15,1
,Jones,22,0,2,2,18,303,81,192,30,1
,Lanier,22,0,0,1,21,117,33,71,13,0
,Lee,41,0,6,11,24,494,103,356,35,1
,Madison,99,1,3,2,93,363,60,280,23,4
,Marion,2,0,0,0,2,29,9,17,3,0
,McDuffie,28,0,3,6,19,178,67,101,10,0
,Meriwether,42,2,5,2,33,257,64,173,20,1
,Murray,47,0,5,3,39,85,16,51,18,
,Newton,81,3,8,32,38,821,303,408,110,12
,Paulding,320,5,27,22,266,"1,862",314,"1,272",276,11
,Peach,25,0,6,3,16,156,32,106,18,0
,Pike,20,0,1,2,17,193,24,160,9,0
,Walton,39,1,10,7,21,444,74,322,48,0
GEORGIA - Nonmetropolitan Counties6,Berrien,51,1,3,0,47,132,31,92,9,2
,Bleckley,21,0,3,0,18,100,34,61,5,0
,Candler,9,0,1,3,5,41,9,31,1,1
,Cook,36,0,1,1,34,131,25,89,17,0
,Fannin,31,2,8,1,20,274,61,179,34,3
,Franklin,16,2,3,0,11,221,53,153,15,0
,Gilmer,72,0,16,0,56,327,73,226,28,2
,Hancock,15,0,0,0,15,50,15,28,7,0
,Jefferson,27,0,2,0,25,70,23,36,11,0
,Laurens,92,1,12,8,71,523,175,291,57,3
,Mitchell,28,0,2,2,24,265,40,196,29,0
,Pierce,31,0,5,2,24,321,72,219,30,2
,Pulaski,50,2,2,1,45,209,55,151,3,
,Screven,37,0,0,4,33,112,41,59,12,2
,Thomas,60,0,17,11,32,477,106,322,49,3
,Towns,23,0,3,0,20,88,17,67,4,0
,Treutlen,5,0,1,0,4,34,10,22,2,1
,Ware,83,1,3,3,76,432,62,354,16,
,White,22,0,1,1,20,136,51,77,8,1
,Wilkes,22,0,1,0,21,30,6,20,4,0
,Wilkinson,10,0,0,1,9,34,16,14,4,0
HAWAII - Metropolitan Counties,Maui Police Department,449,1,110,67,271,"4,984",577,"3,746",661,128
IDAHO - Metropolitan Counties,Ada,257,0,67,4,186,595,131,443,21,10
,Bannock,5,0,2,0,3,37,9,20,8,0
,Boise,17,0,1,1,15,62,7,51,4,0
,Bonneville,109,1,15,3,90,607,157,409,41,5
,Butte,7,0,0,0,7,1,0,1,0,0
,Canyon,117,1,28,3,85,430,139,200,91,3
,Franklin,8,1,0,0,7,34,20,14,0,0
,Gem,22,1,3,0,18,64,25,32,7,0
,Jefferson,19,0,2,0,17,68,12,50,6,0
,Jerome,13,0,2,0,11,95,32,52,11,0
,Kootenai,149,1,15,4,129,707,175,490,42,3
,Nez Perce,8,0,4,0,4,83,11,67,5,0
,Owyhee,30,0,6,0,24,60,14,39,7,0
,Power,10,0,5,0,5,29,5,21,3,0
,Twin Falls,42,0,9,0,33,136,60,62,14,2
IDAHO - Nonmetropolitan Counties,Adams,10,0,0,0,10,43,6,37,0,0
,Benewah,25,1,1,1,22,36,7,22,7,1
,Bingham,27,1,4,1,21,154,44,95,15,0
,Blaine,5,0,2,0,3,18,7,10,1,0
,Bonner,26,0,1,0,25,342,111,190,41,2
,Camas,3,0,0,0,3,8,2,6,0,0
,Cassia,34,0,1,1,32,257,23,209,25,0
,Clark,1,0,1,0,0,5,0,5,0,0
,Custer,4,1,1,0,2,16,4,11,1,0
,Elmore,29,1,3,0,25,55,7,38,10,2
,Fremont,2,0,1,0,1,42,5,34,3,0
,Gooding,19,1,2,0,16,41,11,19,11,0
,Idaho,26,0,3,1,22,63,20,35,8,0
,Latah,14,1,7,0,6,89,22,63,4,0
,Lemhi,6,0,0,0,6,9,4,3,2,0
,Lewis,5,0,0,0,5,49,11,29,9,0
,Lincoln,17,0,2,0,15,26,9,15,2,0
,Madison,22,0,7,0,15,54,12,34,8,0
,Minidoka,12,0,1,0,11,82,21,53,8,0
,Oneida,5,0,1,0,4,19,8,8,3,0
,Payette,14,0,3,0,11,85,7,66,12,0
,Shoshone,14,0,2,0,12,106,34,62,10,0
,Teton,15,0,2,0,13,33,4,28,1,0
,Valley,22,0,6,0,16,58,22,35,1,0
,Washington,5,0,1,0,4,16,8,7,1,0
ILLINOIS - Metropolitan Counties,Alexander,6,0,1,0,5,53,15,37,1,0
,Boone,27,0,12,1,14,146,34,103,9,0
,Champaign,48,0,24,9,15,405,130,251,24,1
,Clinton,9,0,1,1,7,73,12,58,3,0
,Cook,231,4,61,37,129,"1,035",156,745,134,11
,DeKalb,28,0,3,7,18,85,42,42,1,0
,DuPage,81,1,21,12,47,434,120,272,42,2
,Fulton,29,0,2,4,23,155,60,87,8,0
,Grundy,20,1,6,2,11,79,19,58,2,2
,Henry,6,0,0,0,6,51,11,36,4,0
,Jackson,29,0,8,1,20,299,115,163,21,0
,Jersey,25,0,15,0,10,115,37,67,11,0
,Johnson,26,0,2,1,23,93,29,50,14,0
,Kane,87,1,12,9,65,280,87,171,22,0
,Kankakee,56,1,9,8,38,250,80,151,19,6
,Kendall,52,0,19,7,26,225,27,193,5,1
,Lake,104,1,27,13,63,771,194,501,76,3
,Macon,38,0,5,3,30,282,60,210,12,3
,Macoupin,10,0,0,4,6,250,55,180,15,1
,Madison,126,0,22,8,96,"1,059",223,751,85,1
,Marshall,3,0,1,0,2,24,14,7,3,1
,McHenry,65,1,17,3,44,257,63,179,15,1
,McLean,30,0,12,1,17,117,27,77,13,3
,Menard,10,0,3,0,7,51,8,40,3,22
,Monroe,9,0,3,0,6,34,16,15,3,0
,Peoria,55,0,12,8,35,866,162,616,88,4
,Piatt,16,0,5,0,11,63,37,20,6,0
,Rock Island,54,0,17,2,35,222,53,154,15,1
,Sangamon,204,1,21,22,160,467,209,196,62,1
,Stark,9,0,0,0,9,33,18,12,3,0
,Vermilion,87,0,19,2,66,403,135,249,19,4
,Will,125,2,24,21,78,658,119,411,128,7
,Williamson,8,2,4,1,1,248,45,183,20,1
,Winnebago,123,3,27,9,84,517,161,314,42,4
,Woodford,24,5,3,1,15,104,37,62,5,1
ILLINOIS - Nonmetropolitan Counties,Brown,1,0,0,0,1,10,2,8,0,0
,Bureau,29,0,10,0,19,113,28,73,12,4
,Carroll,9,0,1,0,8,21,8,12,1,1
,Cass,2,0,0,0,2,30,9,20,1,0
,Clay,5,0,0,0,5,43,17,19,7,1
,Coles,16,0,5,0,11,98,21,66,11,1
,Crawford,6,0,1,0,5,76,15,59,2,0
,Cumberland,1,0,0,0,1,13,7,5,1,0
,Douglas,8,0,2,0,6,30,13,15,2,0
,Edgar,4,0,1,0,3,32,11,17,4,0
,Effingham,16,0,0,0,16,107,23,69,15,0
,Fayette,14,0,4,0,10,50,14,23,13,0
,Ford,11,0,1,0,10,52,18,34,0,0
,Franklin,14,0,0,0,14,217,56,151,10,0
,Gallatin,5,0,0,0,5,38,8,23,7,0
,Greene,9,0,0,0,9,20,4,15,1,1
,Hamilton,7,0,3,0,4,42,6,33,3,0
,Iroquois,19,3,2,0,14,142,48,74,20,1
,Jasper,48,0,13,1,34,56,32,18,6,1
,Jefferson,59,0,4,2,53,286,102,156,28,4
,Jo Daviess,6,0,2,1,3,74,27,43,4,0
,Knox,51,0,9,0,42,171,72,81,18,1
,La Salle,33,0,12,0,21,167,45,110,12,2
,Lee,21,0,0,0,21,81,11,63,7,1
,Livingston,28,0,8,2,18,96,33,57,6,1
,Logan,11,0,1,0,10,63,29,31,3,0
,Marion,43,1,10,4,28,202,100,86,16,0
,Mason,12,0,2,0,10,85,16,66,3,1
,McDonough,8,0,0,0,8,19,9,9,1,0
,Montgomery,42,0,5,0,37,133,51,79,3,1
,Morgan,11,0,3,2,6,108,57,45,6,0
,Moultrie,8,0,2,0,6,38,15,20,3,0
,Ogle,13,0,0,0,13,149,46,101,2,0
,Perry,7,0,3,0,4,67,26,37,4,0
,Pike,15,0,6,1,8,37,14,22,1,0
,Putnam,1,0,0,0,1,19,5,14,0,0
,Randolph,4,0,1,0,3,18,5,12,1,0
,Schuyler,3,0,0,0,3,14,0,14,0,0
,Scott,0,0,0,0,0,15,5,6,4,0
,Shelby,1,0,1,0,0,49,16,33,0,0
,Stephenson,36,2,13,1,20,87,21,62,4,1
,Wabash,0,0,0,0,0,2,1,1,0,0
,Wayne,15,0,4,1,10,108,40,56,12,0
,Whiteside,17,1,8,0,8,79,36,37,6,0
INDIANA - Metropolitan Counties,Allen,184,2,36,29,117,642,128,436,78,1
,Bartholomew,51,0,18,2,31,402,75,287,40,
,Floyd,16,2,1,1,12,281,37,200,44,
,Franklin,4,0,0,0,4,137,30,89,18,0
,Hancock,60,0,2,5,53,233,50,145,38,1
,Howard,56,0,3,4,49,126,29,86,11,
,La Porte,57,1,2,10,44,416,130,233,53,1
,Madison,37,0,16,6,15,369,95,249,25,3
,Porter,38,2,10,2,24,350,77,248,25,
,Shelby,58,1,4,3,50,154,46,90,18,2
,Tippecanoe,41,1,12,6,22,500,120,344,36,3
,Vanderburgh,51,1,9,4,37,482,61,399,22,1
,Vigo7,218,0,11,10,197,,190,,91,10
,Warrick,88,2,6,6,74,508,84,386,38,0
INDIANA - Nonmetropolitan Counties,Blackford6,8,1,0,1,6,16,5,11,0,1
,Clinton,19,1,6,0,12,175,47,121,7,0
,Gibson,32,0,7,0,25,116,23,81,12,1
,Grant,36,0,4,1,31,254,89,158,7,0
,Jackson,12,0,1,0,11,277,67,189,21,
,Jay,7,1,0,0,6,53,4,43,6,
,Jennings,10,3,5,0,2,89,70,19,0,1
,Lawrence,27,0,1,10,16,142,55,53,34,
,Pulaski,41,0,2,2,37,118,23,83,12,0
,Scott,6,0,4,0,2,219,70,144,5,1
,Starke6,36,1,1,3,31,196,38,137,21,0
,Steuben6,12,0,4,0,8,322,63,207,52,1
,Wayne,6,1,3,0,2,147,37,92,18,
,White,12,0,0,0,12,44,20,19,5,
IOWA - Metropolitan Counties,Black Hawk,20,0,0,0,20,123,58,48,17,1
,Boone,17,0,0,0,17,48,13,27,8,1
,Bremer,4,0,2,0,2,24,14,9,1,0
,Dubuque,13,1,7,0,5,114,30,68,16,0
,Grundy,7,0,0,0,7,63,40,18,5,1
,Guthrie,2,0,0,0,2,45,19,23,3,0
,Harrison,7,0,0,0,7,43,12,25,6,2
,Jasper,6,0,2,0,4,44,20,17,7,0
,Johnson,65,0,8,1,56,196,60,116,20,4
,Madison,2,0,0,0,2,26,14,11,1,0
,Mills,17,0,1,0,16,98,28,53,17,2
,Polk,112,0,14,9,89,822,211,486,125,4
,Pottawattamie,57,1,7,3,46,251,54,173,24,4
,Scott,40,2,6,0,32,170,53,100,17,0
,Story,13,1,3,0,9,105,43,46,16,1
,Warren,54,0,7,0,47,136,37,82,17,4
,Washington,35,0,2,0,33,61,25,27,9,0
,Woodbury,22,0,3,0,19,186,98,78,10,0
IOWA - Nonmetropolitan Counties,Adair,0,0,0,0,0,24,7,14,3,0
,Adams,3,0,0,0,3,20,8,10,2,0
,Allamakee,7,0,1,0,6,20,5,13,2,0
,Appanoose,8,0,0,0,8,70,24,30,16,1
,Buchanan,33,0,8,0,25,115,41,57,17,5
,Buena Vista,12,0,1,0,11,41,29,10,2,0
,Butler,7,0,4,0,3,25,15,6,4,1
,Calhoun,8,0,0,0,8,31,12,14,5,1
,Cass,10,1,2,0,7,38,6,25,7,0
,Cedar,12,0,2,0,10,43,14,24,5,1
,Cerro Gordo,10,0,2,0,8,98,26,53,19,0
,Cherokee,2,0,1,0,1,12,7,5,0,0
,Chickasaw,10,0,1,0,9,29,9,15,5,0
,Clarke,7,0,2,0,5,36,11,16,9,1
,Clay,13,0,1,0,12,11,7,3,1,0
,Clayton,11,0,7,0,4,41,11,27,3,0
,Clinton,17,0,6,1,10,92,25,61,6,0
,Crawford,3,0,0,0,3,3,0,2,1,1
,Davis,4,0,0,0,4,1,0,1,0,0
,Delaware,4,0,3,0,1,46,7,30,9,2
,Des Moines,14,0,1,0,13,118,70,46,2,0
,Dickinson,5,0,0,0,5,29,12,13,4,0
,Emmet,0,0,0,0,0,7,0,5,2,0
,Franklin,0,0,0,0,0,1,0,0,1,0
,Fremont,11,0,2,1,8,43,16,22,5,1
,Hamilton,6,0,0,0,6,54,28,19,7,0
,Hancock,6,0,2,0,4,31,17,14,0,0
,Hardin,11,0,4,0,7,83,36,38,9,0
,Henry,20,0,0,0,20,69,20,46,3,2
,Howard,0,0,0,0,0,35,20,12,3,0
,Humboldt,0,0,0,0,0,41,11,28,2,1
,Ida,10,0,2,0,8,68,17,44,7,0
,Iowa,8,0,0,0,8,55,12,31,12,0
,Jackson,3,0,0,0,3,23,6,12,5,0
,Jefferson,2,0,1,0,1,26,11,12,3,0
,Kossuth,6,3,3,0,0,32,22,8,2,0
,Lee,15,0,2,0,13,108,42,49,17,0
,Louisa,23,0,6,0,17,58,18,35,5,0
,Lucas,12,0,2,2,8,68,29,34,5,0
,Lyon,11,0,2,0,9,57,21,26,10,0
,Mahaska,23,0,1,0,22,64,22,31,11,0
,Marion,19,0,10,0,9,44,12,28,4,0
,Marshall,42,0,3,0,39,94,31,49,14,3
,Mitchell,0,0,0,0,0,5,2,3,0,0
,Monona,16,0,1,0,15,37,15,15,7,0
,Monroe,5,0,3,0,2,20,5,8,7,0
,Muscatine,21,1,7,1,12,56,29,20,7,0
,O'Brien,21,0,5,0,16,57,12,41,4,1
,Osceola,14,0,1,0,13,73,14,57,2,0
,Page,3,0,1,0,2,26,9,11,6,0
,Palo Alto,15,0,2,0,13,48,23,21,4,0
,Plymouth,13,0,3,0,10,45,15,23,7,0
,Ringgold,4,0,0,0,4,21,4,16,1,0
,Sac,6,0,1,0,5,32,10,20,2,1
,Shelby,3,0,0,0,3,14,6,7,1,1
,Sioux,7,0,3,0,4,50,12,35,3,0
,Tama,23,0,1,0,22,57,22,23,12,0
,Taylor,8,0,0,0,8,14,3,8,3,1
,Union,4,0,0,0,4,46,14,28,4,0
,Van Buren,4,0,0,0,4,58,24,31,3,0
,Wapello,25,0,2,0,23,91,33,45,13,2
,Wayne,8,0,0,0,8,28,13,12,3,1
,Webster,27,0,4,0,23,113,41,59,13,2
,Winneshiek,9,0,2,0,7,12,1,8,3,0
,Worth,6,0,1,0,5,27,7,19,1,0
,Wright,4,0,1,0,3,21,4,14,3,1
KANSAS - Metropolitan Counties,Butler,49,0,12,1,36,301,61,201,39,3
,Doniphan,1,0,0,0,1,8,3,4,1,0
,Geary,15,1,1,0,13,32,8,19,5,0
,Harvey,11,0,0,1,10,24,12,11,1,0
,Jackson,15,0,3,0,12,122,17,96,9,1
,Jefferson,33,0,11,1,21,224,25,164,35,1
,Johnson,50,0,10,2,38,220,24,163,33,1
,Linn,13,1,2,0,10,86,26,52,8,1
,Osage4,14,0,1,1,12,,,31,10,1
,Pottawatomie,27,0,5,1,21,177,42,111,24,4
,Riley County Police Department4,263,1,32,21,209,,,998,105,13
,Sedgwick,94,2,21,3,68,205,61,109,35,3
,Shawnee,87,1,8,3,75,958,250,589,119,2
,Sumner,12,0,2,2,8,156,65,75,16,3
,Wabaunsee,14,0,2,0,12,77,29,45,3,2
,Wyandotte,21,0,4,2,15,92,6,82,4,0
KANSAS - Nonmetropolitan Counties,Allen,14,0,3,0,11,51,22,22,7,0
,Anderson,8,0,0,0,8,31,13,14,4,0
,Barber,6,0,0,1,5,19,4,13,2,0
,Barton,20,1,3,0,16,69,15,52,2,0
,Bourbon,10,0,0,0,10,33,7,19,7,1
,Brown,5,0,0,0,5,16,5,8,3,0
,Clark,3,0,0,0,3,14,1,13,0,0
,Clay,2,0,0,1,1,5,0,5,0,0
,Cowley,30,0,8,0,22,125,45,67,13,1
,Crawford,22,1,2,1,18,157,1,125,31,2
,Dickinson,23,0,2,0,21,106,33,64,9,1
,Edwards,0,0,0,0,0,15,5,9,1,0
,Ellis,14,0,0,2,12,32,10,20,2,1
,Ellsworth,8,0,1,0,7,47,26,16,5,1
,Finney,28,1,5,2,20,135,28,83,24,1
,Ford,13,0,0,0,13,59,15,34,10,0
,Franklin,52,0,6,1,45,155,54,81,20,4
,Gove,4,0,2,0,2,7,2,4,1,0
,Grant,2,0,0,0,2,13,5,7,1,0
,Gray,4,0,2,0,2,42,6,33,3,0
,Greenwood,25,0,4,0,21,72,18,46,8,1
,Hamilton,9,0,1,1,7,21,3,16,2,0
,Haskell,0,0,0,0,0,22,5,15,2,0
,Jewell,2,0,1,0,1,16,10,5,1,0
,Kearny,12,0,3,0,9,74,14,55,5,0
,Kingman,3,0,0,0,3,30,8,19,3,0
,Kiowa,3,0,0,0,3,18,9,8,1,0
,Labette,6,0,0,0,6,55,22,29,4,0
,Logan,1,0,0,0,1,10,0,9,1,0
,Lyon,17,0,7,0,10,57,18,36,3,0
,Marion,9,0,1,0,8,40,17,17,6,0
,McPherson,14,0,1,0,13,37,15,20,2,0
,Mitchell,2,0,0,0,2,29,12,12,5,0
,Montgomery4,27,0,2,1,24,,,76,17,3
,Morris,7,0,0,0,7,21,8,10,3,0
,Nemaha,5,0,0,0,5,51,4,39,8,1
,Neosho,8,0,1,0,7,30,13,14,3,1
,Ness,8,0,0,0,8,18,5,11,2,0
,Osborne,1,0,0,0,1,26,14,10,2,0
,Phillips,5,0,0,0,5,5,2,2,1,0
,Pratt,5,0,1,0,4,20,13,5,2,0
,Reno,32,0,4,0,28,178,64,96,18,0
,Rice,4,0,0,0,4,28,3,20,5,0
,Rooks,3,1,1,0,1,16,5,10,1,1
,Rush,11,0,0,1,10,31,11,18,2,0
,Russell,5,0,1,0,4,40,13,22,5,0
,Seward,4,1,0,0,3,19,6,8,5,2
,Thomas,4,0,0,0,4,19,2,15,2,0
,Washington,3,0,0,0,3,5,3,0,2,0
,Wichita,4,0,0,0,4,5,1,3,1,0
,Wilson,10,0,2,0,8,47,14,28,5,1
,Woodson,1,0,0,0,1,19,7,11,1,0
KENTUCKY - Metropolitan Counties,Allen,8,0,2,1,5,86,38,37,11,2
,Boone,66,0,24,15,27,817,152,553,112,5
,Bourbon,3,0,1,0,2,55,16,31,8,0
,Boyd,20,0,5,0,15,181,67,94,20,0
,Bracken,2,0,0,1,1,50,12,25,13,0
,Bullitt,20,0,5,5,10,347,90,205,52,1
,Butler,2,0,0,0,2,32,10,15,7,0
,Campbell,0,0,0,0,0,0,0,0,0,0
,Campbell County Police Department,13,0,7,1,5,141,38,79,24,0
,Carter,6,1,0,1,4,57,13,24,20,0
,Christian,18,0,6,2,10,258,88,133,37,1
,Clark,6,0,2,2,2,142,54,67,21,0
,Daviess,20,2,9,1,8,374,93,242,39,4
,Edmonson,9,0,0,0,9,22,4,12,6,0
,Fayette,0,0,0,0,0,0,0,0,0,0
,Gallatin,2,0,0,0,2,17,11,3,3,0
,Grant,6,0,2,1,3,135,33,79,23,0
,Greenup,3,0,0,1,2,34,4,18,12,0
,Hancock,2,0,1,0,1,27,8,12,7,0
,Hardin,16,1,3,3,9,140,39,79,22,3
,Henderson,19,1,4,0,14,163,48,93,22,1
,Henry,1,0,0,0,1,8,4,1,3,0
,Jefferson,1,0,0,0,1,0,0,0,0,0
,Jessamine,14,0,7,1,6,206,59,121,26,2
,Kenton,0,0,0,0,0,6,0,5,1,0
,Kenton County Police Department,19,0,7,5,7,116,41,69,6,2
,Larue,3,0,0,1,2,18,4,5,9,0
,McLean,2,0,1,0,1,53,27,18,8,0
,Meade,14,0,0,2,12,122,48,52,22,1
,Oldham,0,0,0,0,0,3,2,1,0,0
,Oldham County Police Department,25,0,13,4,8,455,87,337,31,6
,Pendleton,4,0,0,1,3,60,15,40,5,1
,Scott,8,1,0,2,5,161,35,104,22,0
,Shelby,18,0,3,4,11,244,56,162,26,1
,Spencer,0,0,0,0,0,43,13,24,6,0
,Trigg,6,0,1,0,5,98,42,51,5,0
,Warren,39,1,16,5,17,537,165,313,59,0
,Woodford,0,0,0,0,0,14,1,12,1,0
KENTUCKY - Nonmetropolitan Counties,Adair,1,0,0,0,1,5,1,3,1,0
,Anderson,2,0,0,0,2,15,4,7,4,0
,Ballard,9,0,1,0,8,62,21,32,9,0
,Barren,30,1,2,3,24,84,22,43,19,0
,Bath,4,0,0,0,4,33,11,17,5,0
,Bell,18,0,0,0,18,137,54,66,17,0
,Boyle,6,0,1,2,3,34,12,18,4,1
,Breathitt,2,2,0,0,0,10,6,3,1,0
,Breckinridge,7,1,0,1,5,40,13,13,14,1
,Caldwell,2,0,0,0,2,22,4,12,6,0
,Calloway,10,0,4,1,5,194,68,110,16,4
,Carlisle,2,0,0,1,1,19,5,13,1,1
,Carroll,5,0,1,3,1,54,18,27,9,1
,Casey,1,0,0,0,1,44,27,9,8,0
,Clay,4,1,0,0,3,95,30,32,33,1
,Clinton,0,0,0,0,0,15,2,6,7,0
,Crittenden,1,0,1,0,0,24,10,9,5,0
,Cumberland,0,0,0,0,0,10,6,1,3,0
,Elliott,0,0,0,0,0,0,0,0,0,0
,Estill,2,0,0,1,1,29,6,18,5,0
,Fleming,2,0,0,0,2,12,4,8,0,0
,Floyd,5,0,1,0,4,50,6,30,14,0
,Franklin,25,1,4,2,18,209,43,119,47,0
,Fulton,0,0,0,0,0,13,4,7,2,0
,Garrard,0,0,0,0,0,0,0,0,0,0
,Garrard County Police Department,3,0,0,0,3,69,21,36,12,0
,Graves,28,0,15,3,10,223,81,120,22,1
,Grayson,4,0,0,3,1,84,25,45,14,1
,Green,2,0,1,0,1,2,2,0,0,0
,Harlan,1,0,1,0,0,39,21,14,4,1
,Harrison,7,0,0,2,5,73,23,41,9,1
,Hart,3,0,1,1,1,79,32,30,17,0
,Hickman,0,0,0,0,0,13,5,6,2,0
,Hopkins,18,0,2,0,16,204,56,128,20,1
,Jackson,4,0,0,0,4,76,23,30,23,0
,Johnson,4,0,1,0,3,45,20,13,12,0
,Knott,2,0,0,1,1,26,4,17,5,0
,Knox,17,0,1,4,12,81,23,27,31,0
,Laurel,25,1,1,6,17,460,112,229,119,0
,Lawrence,3,0,0,2,1,42,11,16,15,0
,Lee,1,0,0,1,0,5,2,2,1,0
,Leslie,1,0,0,0,1,17,2,6,9,0
,Letcher,1,0,0,0,1,13,0,11,2,0
,Lewis,4,0,1,0,3,18,10,5,3,0
,Lincoln,5,0,0,0,5,57,16,21,20,0
,Livingston,2,0,0,0,2,52,19,26,7,0
,Logan,26,0,10,1,15,80,39,36,5,2
,Lyon,3,0,0,2,1,60,22,34,4,0
,Madison,18,0,4,3,11,226,60,139,27,0
,Magoffin,1,0,1,0,0,19,3,8,8,0
,Marion,3,0,0,2,1,49,22,23,4,1
,Marshall,19,0,7,2,10,204,61,119,24,0
,Martin,4,0,0,0,4,13,2,4,7,0
,Mason,4,0,0,0,4,73,36,26,11,0
,McCracken,38,1,16,5,16,472,137,289,46,2
,McCreary,1,0,0,0,1,58,12,30,16,0
,Menifee,0,0,0,0,0,10,2,4,4,0
,Mercer,2,0,0,0,2,49,17,30,2,0
,Metcalfe,2,0,0,0,2,34,21,9,4,0
,Monroe,0,0,0,0,0,9,1,6,2,0
,Montgomery,10,1,2,1,6,285,96,150,39,0
,Morgan,2,0,0,0,2,14,5,7,2,0
,Muhlenberg,14,0,0,2,12,66,24,31,11,2
,Nelson,22,0,6,0,16,213,57,122,34,3
,Nicholas,0,0,0,0,0,2,1,0,1,1
,Ohio,19,0,10,0,9,116,33,56,27,1
,Owen,2,0,1,0,1,28,14,9,5,0
,Owsley,0,0,0,0,0,16,3,3,10,0
,Perry,8,1,2,0,5,51,15,17,19,0
,Pike,2,0,1,0,1,33,4,24,5,0
,Powell,0,0,0,0,0,8,2,4,2,0
,Pulaski,30,0,13,3,14,315,135,124,56,2
,Robertson,0,0,0,0,0,8,1,6,1,0
,Rockcastle,3,0,1,1,1,40,15,15,10,1
,Rowan,8,0,4,1,3,65,27,31,7,1
,Russell,3,0,2,0,1,63,15,42,6,2
,Simpson,2,0,1,0,1,40,11,19,10,0
,Taylor,13,1,4,1,7,148,63,74,11,0
,Todd,1,0,0,0,1,45,24,13,8,0
,Trimble,0,0,0,0,0,11,4,4,3,1
,Union,3,0,0,0,3,35,12,19,4,0
,Washington,6,0,1,1,4,43,25,13,5,0
,Wayne,8,0,5,1,2,35,7,23,5,2
,Webster,0,0,0,0,0,21,7,9,5,0
,Whitley,9,0,0,1,8,176,78,67,31,0
,Wolfe,0,0,0,0,0,18,7,7,4,0
LOUISIANA - Metropolitan Counties,Acadia,109,4,10,8,87,514,192,271,51,0
,Ascension,340,3,21,37,279,"1,519",260,"1,150",109,8
,Assumption,70,1,6,0,63,215,25,182,8,0
,Bossier,64,2,4,1,57,467,99,345,23,1
,Caddo,8,1,1,0,6,309,46,245,18,1
,Calcasieu,583,4,80,26,473,"3,819",869,"2,669",281,3
,De Soto,72,1,6,4,61,358,92,245,21,0
,East Baton Rouge,609,18,53,149,389,"6,475",729,"5,433",313,4
,East Feliciana,70,4,2,2,62,131,32,85,14,0
,Iberville,206,0,2,6,198,335,55,279,1,0
,Jefferson,"1,240",45,99,264,832,"9,618","1,079","8,014",525,45
,Lafourche,231,12,24,0,195,"2,084",451,"1,530",103,6
,Livingston,550,9,53,16,472,"2,948",681,"2,094",173,0
,Morehouse,30,2,4,4,20,226,58,142,26,0
,Ouachita,425,7,42,39,337,"2,512",599,"1,724",189,7
,Plaquemines,37,0,2,1,34,108,20,82,6,1
,Pointe Coupee,154,3,3,1,147,286,66,194,26,0
,Rapides,326,5,40,21,260,"1,512",554,850,108,8
,St. Charles,133,3,4,19,107,762,133,592,37,5
,St. Helena,54,5,1,1,47,137,27,101,9,0
,St. James,59,2,0,0,57,371,124,226,21,1
,St. John the Baptist,93,10,2,0,81,965,175,755,35,1
,St. Martin,156,3,21,8,124,627,153,417,57,0
,St. Tammany,259,8,32,13,206,"1,485",286,"1,076",123,3
,Tangipahoa,688,10,36,78,564,"2,350",647,"1,463",240,8
,West Baton Rouge,85,2,6,15,62,545,66,427,52,6
,West Feliciana,34,0,3,1,30,60,13,42,5,0
LOUISIANA - Nonmetropolitan Counties,Allen7,19,1,8,0,10,,26,,28,0
,Beauregard,18,1,5,0,12,241,55,166,20,1
,Bienville,83,0,12,3,68,196,60,118,18,1
,Caldwell,38,1,0,0,37,207,60,132,15,0
,Claiborne,16,0,0,1,15,51,12,35,4,1
,Concordia,73,0,4,18,51,304,95,196,13,0
,East Carroll,21,5,3,0,13,28,8,18,2,1
,Franklin,58,2,0,1,55,143,32,102,9,0
,Jackson,6,0,0,0,6,52,14,34,4,0
,La Salle,30,0,2,1,27,66,28,31,7,0
,Lincoln,79,0,7,0,72,197,39,147,11,0
,Madison,11,1,0,0,10,27,8,18,1,1
,Natchitoches,79,2,7,4,66,371,92,245,34,0
,Red River,33,0,0,1,32,136,45,84,7,0
,Richland,12,1,3,1,7,40,20,18,2,2
,Sabine,27,1,8,0,18,194,8,186,0,0
,St. Landry,159,4,0,13,142,746,326,370,50,0
,St. Mary,121,0,12,9,100,563,121,400,42,1
,Tensas,6,0,1,1,4,18,8,9,1,0
,Vernon,58,1,8,4,45,451,87,327,37,1
,Washington,274,0,48,13,213,657,174,418,65,4
,Webster,21,2,7,1,11,151,64,65,22,0
,West Carroll,33,1,5,1,26,57,4,48,5,0
,Winn,32,2,2,1,27,63,21,24,18,0
MAINE - Metropolitan Counties,Androscoggin,13,0,5,1,7,100,25,69,6,1
,Cumberland,29,0,9,2,18,285,57,207,21,0
,Penobscot,5,0,0,2,3,226,46,163,17,0
,Sagadahoc6,8,0,1,1,6,58,17,36,5,1
,York,20,0,4,4,12,291,70,209,12,0
MAINE - Nonmetropolitan Counties,Aroostook,6,0,0,0,6,77,25,48,4,0
,Franklin,6,0,4,0,2,38,7,30,1,0
,Hancock,4,0,1,0,3,72,16,49,7,0
,Kennebec,21,0,4,1,16,174,51,117,6,0
,Knox,5,0,0,0,5,156,21,122,13,1
,Lincoln,25,0,19,0,6,128,29,92,7,0
,Oxford,25,0,13,3,9,223,56,156,11,0
,Piscataquis,4,0,2,0,2,45,10,32,3,0
,Somerset,33,0,14,3,16,296,59,212,25,6
,Waldo6,13,0,0,1,12,75,33,38,4,0
,Washington,14,0,1,0,13,82,26,54,2,0
MARYLAND - Metropolitan Counties,Allegany,43,0,8,4,31,178,51,119,8,
,Anne Arundel,0,0,0,0,0,0,0,0,0,0
,Anne Arundel County Police Department,"1,580",16,148,371,"1,045","9,594","1,045","7,986",563,31
,Baltimore County,0,0,0,0,0,0,0,0,0,0
,Baltimore County Police Department,"4,718",50,382,"1,155","3,131","20,246","2,539","16,114","1,593",144
,Calvert,111,0,18,18,75,760,109,618,33,3
,Cecil,69,2,5,12,50,398,95,273,30,1
,Charles,539,5,64,118,352,"2,213",284,"1,778",151,9
,Frederick,196,0,20,23,153,"1,183",153,979,51,9
,Harford,252,5,32,45,170,"1,624",257,"1,275",92,1
,Howard,0,0,0,0,0,1,0,1,0,0
,Howard County Police Department,512,8,57,167,280,"4,303",428,"3,612",263,26
,Montgomery,7,0,0,0,7,0,0,0,0,0
,Montgomery County Police Department,"1,491",15,288,512,676,"14,209","1,329","12,016",864,6
,Prince George's County Police Department6,"1,983",50,185,831,917,"10,750","1,253","7,426","2,071",44
,Queen Anne's,45,0,5,4,36,317,52,249,16,3
,Somerset,6,0,1,0,5,40,2,38,0,0
,St. Mary's,202,1,20,39,142,"1,663",301,"1,297",65,6
,Washington,254,0,19,30,205,"1,081",261,787,33,0
,Wicomico,50,0,6,10,34,486,119,350,17,1
,Worcester,15,0,4,2,9,248,33,207,8,1
MARYLAND - Nonmetropolitan Counties,Caroline,12,0,2,6,4,184,61,112,11,1
,Dorchester,15,0,2,1,12,137,31,98,8,0
,Garrett,60,0,11,0,49,159,37,119,3,0
,Kent,5,0,2,1,2,94,33,58,3,1
,Talbot,19,0,5,0,14,111,39,70,2,0
MICHIGAN - Metropolitan Counties,Bay,68,1,15,7,45,422,80,324,18,1
,Berrien,117,0,37,7,73,689,106,532,51,8
,Cass,0,0,0,0,0,0,0,0,0,0
,Clinton,14,0,5,0,9,97,19,62,16,0
,Eaton,154,2,46,21,85,981,114,808,59,2
,Genesee4,155,1,16,5,133,,,347,32,3
,Ingham,182,2,50,12,118,479,104,336,39,0
,Ionia,61,1,31,1,28,217,35,164,18,1
,Kalamazoo,290,2,56,34,198,"2,529",493,"1,814",222,5
,Kent,390,4,135,30,221,"2,325",333,"1,850",142,7
,Lapeer,55,1,26,1,27,180,44,112,24,0
,Livingston,63,0,23,5,35,416,48,347,21,3
,Macomb,272,1,69,30,172,"1,046",193,758,95,6
,Midland,47,0,24,0,23,259,53,196,10,0
,Montcalm,18,0,6,0,12,109,30,74,5,2
,Muskegon,68,1,29,2,36,421,87,314,20,2
,Oakland,23,0,6,5,12,37,2,30,5,1
,Ottawa,571,3,216,32,320,"2,081",331,"1,650",100,22
,Saginaw,99,0,28,10,61,522,74,435,13,1
,Shiawassee,15,0,5,0,10,152,49,95,8,1
,St. Clair,146,1,38,9,98,540,129,372,39,7
,Washtenaw,574,3,71,55,445,"1,655",268,"1,218",169,8
,Wayne,20,0,1,0,19,1,0,1,0,0
MICHIGAN - Nonmetropolitan Counties,Alcona,10,0,1,0,9,62,12,50,0,0
,Alger,3,0,0,0,3,2,1,1,0,0
,Allegan,100,0,14,3,83,535,112,369,54,3
,Alpena,23,0,9,0,14,51,12,39,0,0
,Antrim,33,1,12,0,20,130,36,85,9,2
,Arenac,25,0,7,1,17,71,35,33,3,2
,Baraga,3,0,0,0,3,15,4,9,2,0
,Barry,83,2,53,2,26,304,78,205,21,0
,Benzie,19,0,4,0,15,38,6,28,4,1
,Branch,13,0,3,0,10,119,38,67,14,1
,Charlevoix,30,0,12,0,18,96,41,52,3,1
,Cheboygan,22,0,9,0,13,30,8,21,1,0
,Chippewa,6,0,3,0,3,11,3,8,0,1
,Crawford,21,0,5,0,16,95,40,50,5,1
,Delta,4,0,1,0,3,46,2,41,3,0
,Dickinson,1,0,1,0,0,0,0,0,0,0
,Emmet,50,0,10,0,40,72,10,60,2,1
,Gladwin,31,0,2,0,29,115,49,61,5,2
,Gogebic,4,0,1,0,3,29,6,22,1,1
,Grand Traverse,145,2,57,4,82,510,65,430,15,4
,Gratiot,34,1,12,1,20,273,19,239,15,2
,Hillsdale,70,0,18,0,52,133,57,60,16,6
,Huron,16,0,7,1,8,91,31,57,3,1
,Iosco,3,0,0,0,3,1,0,1,0,0
,Iron,0,0,0,0,0,0,0,0,0,0
,Isabella,47,0,20,3,24,256,51,186,19,2
,Keweenaw,1,0,1,0,0,13,5,8,0,0
,Leelanau,7,0,2,0,5,39,11,27,1,0
,Lenawee,45,2,19,2,22,169,54,105,10,4
,Luce,35,0,1,0,34,84,15,67,2,0
,Mackinac,10,0,2,0,8,107,9,97,1,0
,Manistee,39,0,17,0,22,118,19,94,5,2
,Marquette,15,0,6,1,8,87,3,77,7,1
,Mason,36,2,7,0,27,138,29,106,3,0
,Mecosta,99,1,15,1,82,378,85,269,24,9
,Menominee,19,1,5,0,13,63,34,28,1,0
,Missaukee,26,0,5,0,21,51,8,40,3,2
,Montmorency,9,0,1,0,8,17,5,10,2,1
,Newaygo,40,0,8,0,32,241,80,152,9,2
,Oceana,46,0,5,0,41,186,56,122,8,1
,Ogemaw,12,0,4,0,8,138,42,94,2,1
,Ontonagon,8,0,0,0,8,14,3,8,3,0
,Osceola,31,0,13,0,18,140,34,98,8,0
,Oscoda,18,0,7,0,11,74,18,47,9,1
,Otsego,0,0,0,0,0,2,1,1,0,0
,Presque Isle,10,0,2,0,8,33,6,23,4,0
,Sanilac,34,0,3,2,29,87,34,41,12,0
,Schoolcraft,1,0,0,0,1,4,0,3,1,0
,St. Joseph,67,1,15,2,49,224,81,113,30,2
,Tuscola,61,1,18,1,41,160,56,91,13,1
,Van Buren,97,1,32,1,63,376,114,231,31,3
,Wexford,25,0,15,0,10,260,92,153,15,0
MINNESOTA - Metropolitan Counties,Anoka6,75,0,18,7,50,936,112,731,93,0
,Benton,9,0,5,1,3,173,41,101,31,1
,Blue Earth,24,0,8,0,16,105,25,66,14,0
,Carlton,12,0,4,0,8,166,56,93,17,1
,Carver,38,0,16,4,18,497,77,401,19,1
,Chisago,12,0,0,2,10,152,18,119,15,0
,Clay,7,0,1,2,4,58,22,29,7,0
,Dakota,17,0,2,0,15,48,13,34,1,1
,Dodge6,11,0,1,0,10,104,27,71,6,0
,Fillmore,9,0,2,0,7,59,11,46,2,1
,Hennepin,20,0,0,0,20,44,5,35,4,0
,Houston6,5,0,0,0,5,29,15,13,1,0
,Isanti,15,0,4,0,11,232,43,165,24,1
,Lake,0,0,0,0,0,19,14,5,0,0
,Le Sueur,4,0,2,0,2,60,4,53,3,0
,Mille Lacs,34,0,14,2,18,354,94,225,35,0
,Nicollet,7,0,6,1,0,52,13,37,2,0
,Olmsted6,40,1,3,3,33,228,57,153,18,2
,Polk6,34,1,4,0,29,167,49,112,6,0
,Ramsey,141,1,22,27,91,"1,249",158,930,161,8
,Scott,4,0,0,0,4,25,8,15,2,0
,Sherburne,30,2,5,1,22,272,26,226,20,2
,Stearns,21,0,12,1,8,164,32,124,8,0
,St. Louis6,50,1,22,0,27,566,208,303,55,5
,Wabasha,7,0,1,0,6,22,3,16,3,0
,Washington,52,0,27,7,18,579,116,428,35,2
,Wright,98,0,45,3,50,"1,396",127,"1,204",65,3
MINNESOTA - Nonmetropolitan Counties,Aitkin6,11,1,3,0,7,167,59,99,9,0
,Becker,29,0,11,0,18,134,57,59,18,2
,Beltrami,50,2,13,2,33,268,74,164,30,3
,Big Stone,0,0,0,0,0,14,5,7,2,0
,Brown6,5,0,2,0,3,31,6,21,4,0
,Cass6,37,1,5,3,28,486,143,293,50,1
,Chippewa,2,0,0,0,2,1,0,1,0,0
,Clearwater,10,0,1,0,9,47,19,24,4,1
,Cook,10,0,5,0,5,47,6,36,5,0
,Cottonwood6,2,0,0,0,2,13,6,3,4,0
,Crow Wing,15,0,6,0,9,210,71,121,18,1
,Douglas,18,0,4,1,13,180,50,114,16,1
,Faribault,12,0,0,0,12,27,8,11,8,0
,Freeborn,11,0,1,0,10,84,28,48,8,6
,Goodhue,10,0,4,0,6,171,39,103,29,0
,Grant,2,0,0,0,2,6,1,5,0,0
,Hubbard,18,0,9,0,9,170,46,105,19,1
,Itasca6,46,1,15,0,30,134,35,79,20,3
,Jackson6,6,0,0,0,6,30,11,16,3,0
,Kandiyohi,25,0,10,1,14,170,32,121,17,1
,Kittson,0,0,0,0,0,0,0,0,0,0
,Koochiching,6,0,1,0,5,32,7,19,6,0
,Lac qui Parle6,0,0,0,0,0,20,3,14,3,0
,Lake of the Woods,6,0,1,0,5,9,4,3,2,0
,Lyon6,4,0,1,0,3,34,13,15,6,1
,Mahnomen,10,0,1,0,9,42,14,23,5,1
,Martin,0,0,0,0,0,14,5,7,2,0
,McLeod,11,0,6,0,5,55,10,40,5,0
,Meeker,4,0,0,1,3,103,21,77,5,0
,Morrison,10,0,0,0,10,195,45,128,22,1
,Mower,9,0,2,0,7,68,18,40,10,0
,Murray6,2,0,0,0,2,6,1,5,0,0
,Nobles,6,0,1,0,5,35,10,21,4,0
,Norman,0,0,0,0,0,0,0,0,0,0
,Otter Tail,30,0,8,1,21,214,65,135,14,0
,Pennington,2,0,0,1,1,45,21,20,4,0
,Pine,138,0,42,3,93,563,126,374,63,4
,Pipestone,5,0,0,0,5,80,14,64,2,0
,Pope,6,0,1,1,4,49,18,26,5,0
,Red Lake6,3,0,2,0,1,16,0,15,1,0
,Redwood,6,0,0,0,6,44,9,32,3,0
,Renville,5,0,2,0,3,81,18,55,8,0
,Rice,18,0,7,1,10,142,42,92,8,0
,Rock,7,0,1,0,6,57,14,29,14,0
,Roseau,6,0,2,0,4,31,2,27,2,0
,Sibley,2,0,0,0,2,1,1,0,0,0
,Steele,12,0,3,2,7,76,17,48,11,0
,Stevens,2,0,1,0,1,33,9,24,0,0
,Swift,2,0,0,1,1,2,0,1,1,0
,Todd6,17,2,7,0,8,140,39,91,10,1
,Traverse6,6,0,1,0,5,12,1,6,5,0
,Wadena,10,0,2,0,8,10,1,8,1,0
,Waseca,4,0,3,0,1,55,13,41,1,0
,Watonwan6,8,0,5,0,3,26,15,10,1,1
,Wilkin,0,0,0,0,0,20,6,11,3,0
,Winona,6,0,2,0,4,79,14,60,5,0
,Yellow Medicine,3,0,1,0,2,35,8,24,3,1
MISSISSIPPI - Metropolitan Counties,DeSoto,35,2,7,4,22,359,86,228,45,1
,Hancock,28,0,2,6,20,516,108,354,54,1
,Harrison,60,2,12,17,29,869,172,559,138,4
,Hinds,111,5,6,6,94,383,150,169,64,0
,Jackson,135,1,30,11,93,"1,388",292,860,236,7
,Lamar,87,3,20,10,54,637,166,434,37,2
,Madison8,,2,,3,28,223,78,125,20,2
,Stone,47,1,15,1,30,174,56,96,22,3
,Tunica8,,4,,7,25,383,72,261,50,2
MISSISSIPPI - Nonmetropolitan Counties,Choctaw,6,1,1,0,4,57,14,40,3,0
,Claiborne,21,2,1,1,17,87,62,8,17,0
,George6,21,0,7,0,14,315,82,184,49,5
,Lauderdale,27,2,4,8,13,410,230,139,41,10
,Leflore8,,4,,15,67,250,71,163,16,4
,Lincoln,31,0,1,11,19,299,86,203,10,0
,Oktibbeha8,,0,,3,33,464,319,135,10,5
,Tishomingo,15,0,6,1,8,115,43,57,15,0
MISSOURI - Metropolitan Counties,Andrew,1,0,0,0,1,41,12,24,5,0
,Bates,34,0,6,1,27,120,51,69,0,0
,Buchanan,41,0,17,2,22,213,38,113,62,4
,Caldwell,20,2,0,0,18,87,21,54,12,0
,Christian,64,0,5,1,58,250,85,137,28,
,Clinton,16,0,4,1,11,53,12,36,5,0
,Cole,34,1,0,1,32,381,62,286,33,1
,Dallas,5,0,0,0,5,23,6,12,5,0
,DeKalb,5,1,0,0,4,51,16,25,10,1
,Franklin7,37,0,4,2,31,,,135,55,3
,Howard6,17,0,2,1,14,35,8,22,5,0
,Jefferson,386,3,36,27,320,"2,722",621,"1,656",445,12
,Platte,48,0,15,1,32,290,54,186,50,1
,Polk,34,0,9,0,25,326,100,201,25,0
,St. Charles6,0,0,0,0,0,0,0,0,0,0
,St. Charles County Police Department6,139,2,22,13,102,757,129,547,81,6
,St. Louis County Police Department,"1,821",44,188,342,"1,247","8,077","1,365","5,390","1,322",58
,Webster,9,1,0,0,8,178,61,97,20,0
MISSOURI - Nonmetropolitan Counties,Adair,5,0,0,0,5,97,45,45,7,1
,Benton,22,2,1,0,19,214,70,114,30,
,Camden6,89,1,18,2,68,413,187,186,40,2
,Carroll,6,0,1,0,5,32,12,9,11,0
,Carter6,21,0,2,0,19,54,23,20,11,0
,Cedar,36,0,3,0,33,53,16,37,0,1
,Dade,45,0,0,0,45,65,25,36,4,1
,Daviess,17,0,0,0,17,29,10,14,5,0
,Dent,12,1,5,1,5,71,46,22,3,
,Gasconade,49,1,0,1,47,178,51,94,33,0
,Gentry,1,0,0,0,1,30,14,11,5,0
,Grundy,2,0,0,0,2,15,7,7,1,0
,Harrison,3,0,0,0,3,33,17,12,4,0
,Henry,78,0,5,1,72,267,117,112,38,9
,Hickory,1,0,0,0,1,81,29,43,9,0
,Howell,70,1,0,2,67,349,69,188,92,0
,Iron,4,0,1,0,3,63,21,28,14,
,Laclede,49,0,13,1,35,333,86,197,50,1
,Lawrence,17,1,2,3,11,224,69,130,25,0
,Linn,8,0,0,0,8,20,7,11,2,0
,Livingston,2,0,0,0,2,26,8,17,1,0
,Macon,4,0,2,1,1,66,30,35,1,0
,Madison,0,0,0,0,0,0,0,0,0,0
,Mercer,0,0,0,0,0,2,1,1,0,0
,Oregon,29,0,3,0,26,91,43,33,15,0
,Ozark,20,0,2,0,18,45,21,18,6,0
,Pemiscot,22,2,4,2,14,80,26,43,11,
,Perry,31,0,0,0,31,39,19,13,7,0
,Pulaski,157,0,12,4,141,346,103,205,38,0
,Ralls,30,0,0,1,29,82,30,43,9,0
,Randolph,11,0,1,0,10,101,31,57,13,1
,Schuyler,4,1,0,0,3,36,6,25,5,0
,Shannon,17,0,2,0,15,22,4,13,5,1
,Shelby,3,0,1,0,2,8,3,4,1,0
,St. Clair,15,0,2,2,11,111,32,64,15,2
,Ste. Genevieve,53,0,7,0,46,128,23,88,17,0
,Stoddard6,52,0,5,3,44,214,66,126,22,0
,Taney,82,0,4,6,72,298,73,174,51,2
,Texas,39,1,1,2,35,131,46,54,31,1
,Wayne,23,0,2,0,21,171,58,91,22,2
,Worth,6,0,0,0,6,6,0,4,2,0
MONTANA - Metropolitan Counties,Carbon,21,0,2,1,18,43,10,25,8,0
,Cascade4,,,4,3,69,248,57,157,34,4
,Stillwater,18,0,3,0,15,52,8,36,8,1
,Yellowstone,143,3,18,6,116,656,85,482,89,4
MONTANA - Nonmetropolitan Counties,Beaverhead,3,0,0,0,3,4,2,2,0,0
,Big Horn,53,0,6,2,45,46,2,36,8,1
,Broadwater,27,0,5,0,22,31,6,22,3,0
,Butte-Silver Bow,120,0,9,6,105,"1,372",154,"1,070",148,4
,Carter,0,0,0,0,0,0,0,0,0,0
,Custer,6,0,0,0,6,29,2,21,6,0
,Dawson,10,0,2,0,8,12,4,7,1,1
,Deer Lodge,13,0,1,0,12,268,66,176,26,1
,Fergus,13,0,2,0,11,32,3,20,9,2
,Flathead,191,2,36,6,147,862,141,622,99,4
,Gallatin,86,0,25,0,61,392,25,333,34,1
,Garfield,0,0,0,0,0,0,0,0,0,0
,Golden Valley,2,0,0,0,2,7,3,4,0,0
,Hill,22,1,3,1,17,146,10,119,17,4
,Jefferson,23,0,2,0,21,83,27,42,14,0
,Lake,81,3,10,1,67,260,52,163,45,3
,Lewis and Clark,63,1,12,1,49,330,74,201,55,3
,Lincoln,22,0,2,0,20,69,6,56,7,0
,Madison,10,0,2,0,8,50,11,31,8,1
,McCone,0,0,0,0,0,4,1,3,0,0
,Meagher,6,0,0,0,6,8,3,5,0,0
,Musselshell,11,0,1,0,10,28,2,21,5,2
,Park,12,0,6,0,6,26,2,21,3,0
,Phillips,15,0,2,0,13,52,8,34,10,0
,Powell,12,1,3,0,8,19,4,8,7,1
,Prairie,11,0,0,0,11,1,0,1,0,1
,Ravalli,65,0,11,0,54,266,50,196,20,3
,Richland,14,0,1,0,13,32,7,20,5,0
,Roosevelt,60,0,3,3,54,65,26,26,13,2
,Sanders,5,0,1,0,4,35,5,27,3,0
,Sweet Grass,20,1,3,0,16,46,2,36,8,0
,Teton,9,0,3,0,6,28,5,18,5,0
,Toole,30,0,4,0,26,51,4,43,4,0
,Valley,22,0,3,0,19,15,1,13,1,0
,Wheatland,9,0,0,0,9,7,0,6,1,0
NEBRASKA - Metropolitan Counties,Cass,27,0,12,1,14,138,13,104,21,1
,Dixon,2,0,0,0,2,30,8,18,4,0
,Douglas,71,1,18,6,46,605,155,384,66,5
,Hall,35,0,2,1,32,113,31,73,9,0
,Lancaster,20,0,15,0,5,146,41,86,19,
,Merrick,3,0,1,0,2,3,1,1,1,0
,Sarpy,35,0,17,3,15,798,57,631,110,0
,Saunders,8,0,1,0,7,65,23,34,8,0
,Seward,3,0,0,0,3,16,7,4,5,1
,Washington,2,0,0,0,2,79,15,56,8,0
NEBRASKA - Nonmetropolitan Counties,Adams,4,0,2,0,2,72,13,54,5,0
,Arthur,0,0,0,0,0,0,0,0,0,
,Boone,2,0,1,0,1,15,4,10,1,1
,Box Butte,4,0,0,0,4,14,2,8,4,
,Buffalo,13,1,4,0,8,87,20,58,9,2
,Burt6,3,0,1,0,2,20,10,7,3,
,Butler,6,0,2,0,4,28,8,15,5,0
,Cedar,3,0,0,0,3,27,0,23,4,
,Chase6,2,1,0,0,1,6,3,2,1,0
,Cherry,2,0,0,0,2,9,2,3,4,
,Cheyenne,7,0,1,0,6,14,1,11,2,1
,Colfax,9,0,3,0,6,27,4,21,2,1
,Cuming,6,0,4,0,2,3,1,1,1,0
,Custer,6,0,2,0,4,35,3,29,3,0
,Dawson,18,1,4,0,13,36,16,19,1,0
,Deuel,4,0,0,0,4,5,0,5,0,0
,Dodge,3,0,1,0,2,92,26,59,7,
,Fillmore,5,0,3,0,2,16,4,11,1,0
,Franklin,0,0,0,0,0,10,2,6,2,
,Frontier,3,0,1,0,2,24,3,20,1,0
,Furnas,7,0,2,0,5,57,13,35,9,0
,Gage,11,0,0,1,10,77,16,54,7,0
,Gosper,2,0,0,0,2,9,1,7,1,0
,Greeley6,0,0,0,0,0,0,0,0,0,0
,Hamilton,2,0,1,0,1,20,5,12,3,0
,Holt6,1,0,1,0,0,2,0,2,0,0
,Hooker6,0,0,0,0,0,0,0,0,0,0
,Jefferson,14,0,2,0,12,95,28,62,5,0
,Johnson,5,0,2,0,3,39,6,25,8,1
,Kearney,6,0,4,0,2,40,13,23,4,0
,Keith,3,0,0,0,3,17,1,14,2,0
,Keya Paha,2,0,0,0,2,0,0,0,0,
,Knox6,0,0,0,0,0,29,3,16,10,
,Lincoln,16,0,5,2,9,66,20,36,10,0
,Madison,10,0,3,0,7,19,4,14,1,0
,Nemaha,10,0,3,2,5,17,5,8,4,0
,Perkins,0,0,0,0,0,24,4,17,3,0
,Platte,8,0,2,0,6,69,11,50,8,0
,Polk,0,0,0,0,0,20,1,19,0,0
,Saline,7,0,0,0,7,46,13,29,4,1
,Scotts Bluff,10,0,2,0,8,54,16,28,10,0
,Sherman,5,0,0,0,5,23,5,18,0,0
,Stanton,2,1,0,0,1,29,1,22,6,
,Thayer6,4,0,2,0,2,25,8,12,5,0
,Thurston,7,0,1,0,6,13,5,7,1,0
,Valley,5,0,3,0,2,4,0,1,3,0
,Wayne,6,0,1,0,5,10,5,2,3,1
,Wheeler,0,0,0,0,0,1,0,1,0,0
,York,3,0,3,0,0,21,2,14,5,0
NEVADA - Metropolitan Counties,Storey,31,0,5,1,25,74,20,47,7,0
,Washoe6,223,2,32,18,171,616,160,370,86,7
NEVADA - Nonmetropolitan Counties,Churchill,20,0,11,0,9,186,56,113,17,2
,Elko,57,1,11,0,45,176,40,111,25,1
,Esmeralda,6,0,1,1,4,6,1,4,1,1
,Eureka,22,0,4,0,18,27,13,11,3,0
,Humboldt,26,0,1,2,23,76,41,29,6,
,Lander,62,2,23,0,37,56,25,26,5,2
,Lyon,179,0,18,7,154,522,102,349,71,4
,Mineral,4,0,1,0,3,48,3,38,7,3
,Nye,113,2,5,21,85,715,167,404,144,0
,Pershing,26,1,11,1,13,39,11,22,6,
NEW HAMPSHIRE - Metropolitan Counties,Rockingham,0,0,0,0,0,3,0,3,0,0
,Strafford,3,0,1,0,2,4,0,3,1,1
NEW HAMPSHIRE - Nonmetropolitan Counties,Carroll,4,0,0,0,4,49,7,38,4,0
,Cheshire,0,0,0,0,0,7,2,5,0,0
,Grafton,4,0,4,0,0,4,0,4,0,0
,Merrimack,1,0,1,0,0,1,1,0,0,0
NEW JERSEY - Metropolitan Counties,Atlantic,0,0,0,0,0,0,0,0,0,0
,Bergen,2,0,2,0,0,46,2,44,0,0
,Burlington,0,0,0,0,0,0,0,0,0,0
,Camden,2,0,0,0,2,44,4,38,2,0
,Cape May,0,0,0,0,0,0,0,0,0,0
,Cumberland,0,0,0,0,0,1,0,1,0,0
,Essex,131,0,9,35,87,135,5,127,3,8
,Gloucester,0,0,0,0,0,0,0,0,0,0
,Hudson,0,0,0,0,0,0,0,0,0,0
,Hunterdon,0,0,0,0,0,0,0,0,0,0
,Mercer,2,0,0,0,2,14,1,6,7,0
,Middlesex,0,0,0,0,0,0,0,0,0,0
,Monmouth,7,0,0,0,7,1,0,1,0,0
,Morris,0,0,0,0,0,0,0,0,0,0
,Ocean,0,0,0,0,0,8,0,8,0,0
,Passaic,0,0,0,0,0,0,0,0,0,0
,Salem,0,0,0,0,0,0,0,0,0,0
,Somerset,1,0,0,0,1,1,0,1,0,0
,Sussex,0,0,0,0,0,0,0,0,0,0
,Union,0,0,0,0,0,0,0,0,0,0
,Warren,0,0,0,0,0,0,0,0,0,0
NEW MEXICO - Metropolitan Counties,Sandoval,144,0,1,1,142,102,43,59,0,
,Santa Fe,103,0,6,7,90,414,258,156,0,
,Torrance,65,0,5,1,59,105,57,25,23,
,Valencia,376,3,17,6,350,907,315,421,171,
NEW MEXICO - Nonmetropolitan Counties,Catron,1,0,0,0,1,15,9,6,0,
,Chaves,54,3,9,3,39,223,90,98,35,
,Cibola,12,0,2,0,10,37,14,16,7,
,Colfax,3,0,0,0,3,8,5,3,0,
,De Baca,4,0,1,0,3,15,11,2,2,
,Grant,24,0,5,0,19,112,52,60,0,
,Guadalupe,0,0,0,0,0,6,0,6,0,
,Hidalgo,10,0,0,0,10,17,5,7,5,
,Lea,60,4,4,5,47,342,112,160,70,
,Lincoln,43,2,1,2,38,118,52,55,11,
,Luna,63,0,1,1,61,222,97,98,27,
,McKinley,183,1,0,7,175,222,89,86,47,
,Otero,149,0,13,2,134,272,108,138,26,
,Quay,1,0,0,0,1,13,6,7,0,
,San Miguel,0,0,0,0,0,2,0,2,0,
,Sierra,43,1,7,0,35,71,26,41,4,
,Socorro,15,0,0,1,14,61,13,42,6,
,Taos,28,2,2,2,22,93,43,30,20,
,Union,2,0,0,0,2,15,3,10,2,
NEW YORK - Metropolitan Counties,Albany,25,1,4,1,19,121,21,90,10,0
,Broome,51,0,22,11,18,486,60,403,23,1
,Chemung,9,0,2,0,7,221,18,198,5,0
,Dutchess,38,0,12,6,20,353,48,279,26,2
,Erie,50,0,0,2,48,505,72,411,22,7
,Herkimer,0,0,0,0,0,1,1,0,0,0
,Jefferson,28,0,5,0,23,227,18,204,5,1
,Livingston,32,0,14,3,15,283,31,250,2,1
,Madison,20,0,6,0,14,85,15,68,2,0
,Monroe,209,0,44,42,123,"2,341",264,"2,001",76,2
,Nassau,"1,179",9,40,339,791,"9,655",583,"8,677",395,35
,Niagara,56,0,14,6,36,475,78,372,25,0
,Oneida,70,0,48,3,19,309,53,240,16,0
,Onondaga,191,0,49,29,113,"1,518",210,"1,204",104,9
,Ontario,69,2,26,5,36,669,87,571,11,0
,Orleans,15,0,6,1,8,115,19,87,9,0
,Oswego,33,1,17,3,12,268,40,202,26,0
,Putnam,18,0,4,4,10,127,15,108,4,0
,Rensselaer,18,0,5,5,8,230,21,199,10,1
,Schoharie,5,0,1,0,4,18,2,13,3,3
,Suffolk,34,0,0,0,34,0,0,0,0,0
,Suffolk County Police Department,"1,183",24,159,281,719,"14,828",891,"13,161",776,42
,Tioga,7,0,5,1,1,140,45,89,6,1
,Ulster,21,0,6,1,14,145,25,115,5,0
,Washington,30,0,26,1,3,67,12,55,0,0
,Wayne,63,0,16,7,40,333,81,237,15,3
,Westchester Public Safety,30,0,1,2,27,199,10,182,7,2
,Yates,12,0,3,0,9,98,31,66,1,0
NEW YORK - Nonmetropolitan Counties,Allegany,3,0,0,0,3,7,0,3,4,0
,Cattaraugus,48,0,13,0,35,202,44,136,22,6
,Chautauqua,33,1,16,2,14,428,148,266,14,9
,Chenango,32,0,15,1,16,274,71,194,9,1
,Clinton,11,0,0,0,11,34,3,31,0,0
,Columbia,25,1,6,1,17,251,54,189,8,3
,Delaware,22,0,12,0,10,151,46,100,5,0
,Essex,2,0,0,0,2,4,0,4,0,0
,Franklin,0,0,0,0,0,0,0,0,0,0
,Fulton,22,0,9,1,12,288,34,247,7,0
,Greene,13,0,2,3,8,26,7,19,0,2
,Hamilton,1,0,0,0,1,6,1,5,0,0
,Lewis,12,0,4,0,8,54,18,33,3,0
,Montgomery,6,0,0,1,5,212,8,192,12,1
,Otsego,13,0,5,0,8,29,3,24,2,1
,Schuyler,5,0,1,0,4,10,2,7,1,0
,Seneca,2,0,1,0,1,43,2,41,0,0
,Steuben,9,0,2,0,7,47,13,31,3,1
,St. Lawrence,11,0,2,1,8,25,8,15,2,0
,Sullivan,27,0,6,1,20,273,34,234,5,1
,Wyoming,17,0,7,1,9,96,20,76,0,0
NORTH CAROLINA - Metropolitan Counties6,Alamance,118,3,11,10,94,649,230,368,51,4
,Alexander,86,8,27,1,50,429,138,247,44,3
,Anson,26,3,4,3,16,181,92,82,7,1
,Buncombe,219,0,14,27,178,"1,830",520,"1,071",239,19
,Burke,110,4,16,9,81,"1,045",349,553,143,3
,Cabarrus,38,2,3,8,25,640,156,435,49,6
,Caldwell,75,2,18,9,46,"1,199",439,594,166,13
,Camden,11,0,0,1,10,74,32,38,4,1
,Chatham,60,0,13,6,41,478,173,278,27,9
,Craven,119,4,8,11,96,919,399,436,84,3
,Cumberland,458,3,43,65,347,"1,964",494,"1,324",146,63
,Currituck,63,0,8,1,54,268,69,187,12,2
,Franklin,77,1,8,5,63,616,198,368,50,4
,Gaston,17,0,0,0,17,5,0,4,1,0
,Granville,57,1,5,3,48,316,99,198,19,3
,Guilford,206,3,8,28,167,"1,063",399,561,103,14
,Haywood,118,0,21,2,95,835,366,405,64,6
,Iredell,121,2,5,10,104,780,361,356,63,7
,Johnston,152,3,16,17,116,"1,463",404,950,109,11
,Lincoln,131,1,14,10,106,943,214,655,74,5
,Madison,14,0,2,0,12,178,74,82,22,4
,New Hanover,179,0,25,24,130,"1,593",264,"1,269",60,14
,Onslow,214,3,26,19,166,"1,773",504,"1,161",108,13
,Pamlico,25,0,5,0,20,206,60,127,19,1
,Person,56,0,2,2,52,357,151,185,21,6
,Pitt,138,3,8,22,105,915,315,541,59,6
,Rockingham,70,1,22,10,37,700,232,415,53,0
,Rowan,149,4,16,16,113,999,265,636,98,11
,Union,235,3,77,23,132,"1,987",419,"1,449",119,7
,Wake,215,6,16,24,169,"1,376",375,857,144,22
,Wayne,206,2,2,24,178,"1,181",458,574,149,6
,Yadkin,66,1,11,4,50,451,130,286,35,4
NORTH CAROLINA - Nonmetropolitan Counties6,Alleghany,19,0,11,1,7,72,26,39,7,1
,Ashe,57,0,14,1,42,151,68,71,12,1
,Avery,18,0,2,0,16,179,92,79,8,2
,Bladen,65,0,3,4,58,481,158,273,50,5
,Carteret,69,2,16,3,48,640,199,408,33,4
,Cherokee,68,0,13,4,51,763,228,477,58,7
,Chowan,21,0,3,1,17,95,47,42,6,0
,Dare,12,1,3,0,8,239,53,176,10,1
,Greene,60,4,24,2,30,304,131,145,28,1
,Hertford,28,5,4,11,8,184,62,102,20,2
,Macon,25,0,5,1,19,476,136,307,33,4
,McDowell,59,1,8,5,45,881,380,411,90,12
,Mitchell,2,0,0,1,1,55,24,28,3,1
,Moore,62,1,9,7,45,580,173,385,22,3
,Pasquotank,64,0,6,7,51,233,93,118,22,4
,Richmond,178,2,21,27,128,"1,007",411,505,91,11
,Robeson,717,22,12,90,593,"2,525","1,238","1,110",177,39
,Sampson,195,4,22,24,145,877,425,385,67,12
,Scotland,59,1,5,12,41,325,170,128,27,8
,Stanly,24,1,3,2,18,481,203,240,38,2
,Swain,27,2,4,2,19,242,118,91,33,0
,Transylvania,38,0,14,0,24,257,78,163,16,3
,Tyrrell,4,0,1,0,3,23,10,12,1,0
,Vance,125,4,12,8,101,546,206,299,41,13
,Warren,40,4,8,5,23,216,101,101,14,2
,Watauga,30,4,2,1,23,266,85,159,22,3
,Wilkes,132,3,27,8,94,676,241,349,86,8
,Yancey,5,0,0,1,4,47,17,26,4,1
NORTH DAKOTA - Metropolitan Counties,Burleigh,12,0,5,0,7,97,23,60,14,1
,Cass,18,0,4,2,12,141,49,71,21,1
,Grand Forks,15,0,4,0,11,89,18,52,19,0
,Morton,3,0,0,0,3,113,18,85,10,1
,Oliver,0,0,0,0,0,3,1,1,1,0
NORTH DAKOTA - Nonmetropolitan Counties,Adams,2,0,1,0,1,9,2,6,1,0
,Barnes,2,0,0,0,2,18,6,10,2,0
,Benson,1,0,0,0,1,13,2,7,4,0
,Billings,0,0,0,0,0,6,1,5,0,0
,Bottineau,4,0,4,0,0,55,14,29,12,0
,Bowman,1,0,1,0,0,10,3,3,4,0
,Burke,0,0,0,0,0,2,2,0,0,0
,Cavalier,2,0,1,0,1,11,3,6,2,0
,Dickey,0,0,0,0,0,8,4,4,0,0
,Divide,2,0,1,0,1,6,0,5,1,0
,Dunn,5,0,1,0,4,14,3,9,2,0
,Eddy,1,0,1,0,0,20,3,13,4,0
,Emmons,3,0,1,0,2,28,7,20,1,0
,Foster,0,0,0,0,0,10,1,4,5,0
,Golden Valley,0,0,0,0,0,0,0,0,0,0
,Grant,1,0,1,0,0,5,1,4,0,0
,Griggs,3,0,2,0,1,6,1,4,1,0
,Hettinger,1,0,0,0,1,22,2,15,5,0
,Kidder,0,0,0,0,0,7,3,4,0,0
,Lamoure,3,0,0,0,3,4,1,2,1,0
,Logan,2,0,0,0,2,0,0,0,0,0
,McHenry,6,0,2,0,4,34,7,20,7,1
,McIntosh,0,0,0,0,0,0,0,0,0,0
,McKenzie,15,0,8,0,7,167,25,114,28,1
,McLean,12,0,3,0,9,79,21,52,6,0
,Mercer,1,0,1,0,0,16,10,5,1,0
,Mountrail,2,1,1,0,0,58,4,48,6,0
,Nelson,5,0,0,0,5,15,4,9,2,0
,Pembina,6,0,0,0,6,36,11,20,5,0
,Pierce,0,0,0,0,0,11,3,7,1,0
,Ramsey,3,0,1,0,2,18,2,12,4,0
,Ransom,3,1,0,0,2,26,11,9,6,1
,Renville,2,0,1,0,1,24,5,17,2,0
,Richland,8,0,0,0,8,94,27,51,16,0
,Rolette,4,0,1,0,3,38,9,23,6,0
,Sargent,7,0,1,0,6,21,10,10,1,2
,Sheridan,1,0,0,0,1,4,1,3,0,0
,Sioux,0,0,0,0,0,0,0,0,0,0
,Slope,0,0,0,0,0,1,1,0,0,0
,Stark,5,0,0,0,5,55,9,42,4,1
,Steele,0,0,0,0,0,1,0,1,0,0
,Stutsman,2,0,1,0,1,33,11,12,10,0
,Towner,0,0,0,0,0,16,3,9,4,1
,Traill,3,0,1,0,2,54,18,28,8,2
,Walsh,7,1,2,0,4,96,35,52,9,0
,Ward,38,1,9,2,26,182,65,82,35,5
,Wells,3,0,1,0,2,7,5,1,1,1
,Williams,15,0,5,0,10,166,37,102,27,1
OHIO - Metropolitan Counties,Allen,38,1,14,13,10,582,115,437,30,4
,Belmont,42,0,12,3,27,205,35,151,19,2
,Carroll,2,0,0,0,2,71,21,41,9,0
,Clermont,111,0,23,3,85,897,269,582,46,1
,Fairfield,52,0,14,5,33,"1,039",139,855,45,2
,Fulton,14,0,5,2,7,167,32,132,3,1
,Geauga,10,0,6,1,3,134,28,94,12,0
,Greene,36,0,12,4,20,348,86,240,22,3
,Hamilton,176,4,69,22,81,"2,025",235,"1,621",169,13
,Hocking,28,4,6,2,16,346,108,210,28,3
,Jefferson,10,0,1,0,9,44,10,33,1,1
,Lawrence,65,2,18,6,39,446,112,303,31,4
,Licking,53,0,16,3,34,793,179,555,59,1
,Lorain,60,0,16,9,35,509,167,323,19,1
,Lucas,93,0,8,18,67,801,110,640,51,1
,Madison,20,0,12,2,6,264,56,183,25,2
,Mahoning,1,0,1,0,0,57,8,44,5,0
,Medina,11,0,4,0,7,166,98,64,4,0
,Miami,38,0,10,2,26,280,98,166,16,4
,Montgomery,279,3,43,76,157,"1,051",288,615,148,17
,Perry,13,0,7,2,4,124,38,75,11,1
,Pickaway,22,1,1,3,17,546,130,386,30,5
,Portage8,,1,,39,304,916,190,688,38,4
,Richland,61,1,34,6,20,757,166,562,29,1
,Stark,107,2,36,10,59,"1,544",401,"1,019",124,12
,Summit,80,0,22,14,44,944,176,705,63,3
,Union,21,0,3,2,16,126,28,86,12,1
,Wood,13,0,6,0,7,301,42,240,19,0
OHIO - Nonmetropolitan Counties,Adams,8,0,3,1,4,186,45,119,22,2
,Ashland,37,1,23,0,13,103,25,74,4,0
,Ashtabula,32,0,2,3,27,457,104,320,33,1
,Auglaize,3,0,1,0,2,45,10,31,4,0
,Champaign,25,0,4,0,21,153,39,102,12,0
,Columbiana,37,1,15,1,20,315,63,222,30,3
,Coshocton,40,4,15,1,20,345,73,244,28,11
,Crawford,3,0,1,0,2,92,32,58,2,0
,Defiance,14,0,6,1,7,117,25,90,2,1
,Erie,1,0,0,0,1,189,40,144,5,1
,Fayette,19,0,8,4,7,307,76,219,12,2
,Gallia,32,1,9,0,22,294,77,192,25,2
,Hancock,14,0,4,1,9,127,31,91,5,1
,Hardin,13,0,2,0,11,68,22,42,4,1
,Henry,13,0,3,1,9,109,36,64,9,0
,Highland,38,4,17,3,14,305,91,199,15,0
,Jackson,26,0,14,1,11,229,82,125,22,1
,Knox,56,0,21,2,33,330,58,272,0,4
,Logan,31,0,8,1,22,171,45,114,12,0
,Marion,38,0,13,2,23,935,136,763,36,4
,Meigs,16,1,1,1,13,230,76,125,29,0
,Monroe,12,0,3,0,9,64,36,24,4,0
,Morgan,29,0,2,1,26,80,22,47,11,0
,Noble,5,0,3,0,2,36,7,27,2,0
,Paulding,30,1,1,0,28,104,23,80,1,0
,Pike,33,3,7,1,22,464,93,270,101,5
,Putnam,15,1,9,2,3,90,19,66,5,0
,Ross,114,3,33,5,73,"1,041",285,631,125,12
,Scioto,48,0,12,7,29,633,177,394,62,6
,Shelby,12,1,1,1,9,131,27,97,7,2
,Tuscarawas,22,0,9,1,12,241,83,130,28,3
,Van Wert,16,0,6,0,10,106,40,60,6,1
,Vinton,10,0,1,0,9,78,23,43,12,0
,Washington,34,4,8,3,19,172,51,102,19,0
,Wayne,44,0,14,5,25,473,164,277,32,1
,Wyandot,3,0,0,0,3,3,2,0,1,0
OKLAHOMA - Metropolitan Counties,Canadian,19,1,6,1,11,151,31,93,27,2
,Cleveland,30,1,5,1,23,245,79,135,31,1
,Comanche,17,0,4,0,13,215,100,79,36,4
,Cotton,0,0,0,0,0,21,3,16,2,1
,Creek,65,2,14,3,46,374,126,178,70,3
,Garfield,12,0,3,0,9,157,38,107,12,2
,Grady,24,0,4,1,19,321,86,177,58,4
,Lincoln,48,1,12,4,31,289,110,132,47,4
,Logan,36,0,9,3,24,384,136,194,54,1
,McClain,27,1,4,1,21,280,109,134,37,3
,Oklahoma,35,1,2,2,30,227,72,94,61,0
,Okmulgee,42,2,10,2,28,216,111,70,35,2
,Osage,56,5,8,3,40,332,140,153,39,7
,Rogers,109,3,11,2,93,472,187,216,69,4
,Sequoyah,88,2,16,1,69,301,122,155,24,7
,Tulsa,228,6,18,16,188,924,321,416,187,7
,Wagoner,48,1,5,5,37,295,115,150,30,10
OKLAHOMA - Nonmetropolitan Counties,Adair,38,1,11,1,25,159,59,79,21,4
,Alfalfa,1,0,0,0,1,26,10,13,3,0
,Atoka,5,0,1,0,4,68,24,27,17,0
,Beaver,0,0,0,0,0,14,4,8,2,0
,Beckham,9,0,2,0,7,77,34,33,10,3
,Blaine,10,0,3,0,7,104,38,56,10,1
,Bryan,30,0,7,1,22,321,138,137,46,2
,Caddo,12,0,1,0,11,165,72,73,20,5
,Carter,29,0,16,3,10,208,64,119,25,4
,Cherokee,69,4,6,5,54,461,169,213,79,4
,Choctaw,47,0,0,0,47,79,28,34,17,0
,Cimarron,0,0,0,0,0,10,2,4,4,0
,Coal,0,0,0,0,0,4,2,1,1,0
,Craig,13,0,4,0,9,106,45,48,13,5
,Custer,12,1,2,0,9,113,44,56,13,0
,Delaware,46,0,8,3,35,263,67,156,40,5
,Dewey,2,0,2,0,0,40,16,19,5,1
,Ellis,7,0,1,0,6,51,16,30,5,2
,Garvin,30,0,8,1,21,269,80,167,22,11
,Grant,3,0,0,0,3,31,11,14,6,1
,Harmon,2,0,1,0,1,9,2,7,0,0
,Haskell,7,0,1,0,6,66,29,29,8,1
,Hughes,8,0,1,0,7,121,27,81,13,2
,Jackson,15,0,3,0,12,46,15,22,9,1
,Jefferson,11,0,2,0,9,18,8,6,4,0
,Johnston,14,2,4,1,7,32,14,11,7,1
,Kay,24,0,0,0,24,68,33,28,7,0
,Kingfisher,13,0,3,0,10,84,9,66,9,1
,Kiowa,5,0,1,0,4,26,10,12,4,1
,Latimer,15,0,1,1,13,85,34,36,15,3
,Le Flore,37,0,4,2,31,281,88,152,41,3
,Love,18,0,4,4,10,100,19,65,16,2
,Major,5,0,2,0,3,30,10,13,7,1
,Marshall,19,3,2,2,12,209,78,92,39,0
,Mayes,38,0,12,1,25,327,90,170,67,7
,McCurtain,29,0,8,1,20,318,124,145,49,15
,McIntosh,37,1,7,1,28,221,104,87,30,3
,Murray,10,0,2,0,8,10,6,3,1,0
,Muskogee,73,0,7,2,64,295,124,144,27,5
,Noble,6,0,1,0,5,76,25,36,15,2
,Nowata,12,0,1,0,11,65,20,28,17,2
,Okfuskee,13,1,3,1,8,145,63,63,19,3
,Ottawa,15,0,5,0,10,122,31,63,28,1
,Payne,25,3,1,0,21,221,64,116,41,5
,Pittsburg,55,3,9,1,42,422,195,186,41,2
,Pontotoc,21,0,4,0,17,143,65,64,14,0
,Pottawatomie,65,1,20,4,40,540,188,271,81,1
,Pushmataha,14,0,0,0,14,91,44,39,8,6
,Roger Mills,9,0,0,0,9,31,5,23,3,2
,Seminole,29,0,8,1,20,257,103,123,31,7
,Stephens,19,0,3,0,16,152,49,80,23,0
,Texas,9,0,3,0,6,51,13,34,4,1
,Tillman,1,0,0,0,1,27,14,11,2,0
,Washita,14,0,2,0,12,52,8,37,7,1
,Woods,6,0,1,0,5,23,4,14,5,0
,Woodward,12,0,2,0,10,68,23,35,10,1
OREGON - Metropolitan Counties,Clackamas,446,8,80,92,266,"4,651",600,"3,461",590,17
,Deschutes,86,1,19,3,63,654,109,475,70,5
,Jackson,128,10,20,12,86,"1,274",312,833,129,10
,Josephine,45,0,11,3,31,394,76,148,170,3
,Linn,56,5,9,8,34,705,167,451,87,14
,Marion8,,6,,34,48,"2,409",332,"1,666",411,
,Multnomah,165,3,30,23,109,"1,696",155,"1,255",286,4
,Polk,52,0,3,5,44,295,88,187,20,4
,Washington,349,3,108,31,207,"2,480",406,"1,791",283,30
,Yamhill,41,0,13,5,23,473,100,327,46,8
OREGON - Nonmetropolitan Counties,Baker,10,0,1,0,9,59,14,39,6,0
,Clatsop,28,0,6,0,22,166,34,125,7,2
,Coos,40,0,4,4,32,506,108,346,52,6
,Crook,17,3,0,0,14,126,23,93,10,1
,Curry,42,0,3,0,39,254,59,163,32,1
,Douglas,153,0,23,10,120,889,235,455,199,12
,Gilliam6,9,0,3,0,6,52,14,36,2,0
,Harney,1,0,1,0,0,21,6,12,3,0
,Jefferson,8,1,2,1,4,172,44,109,19,3
,Lake,9,0,1,0,8,88,30,49,9,0
,Lincoln,44,1,6,0,37,271,91,165,15,4
,Malheur,17,0,3,1,13,192,35,116,41,2
,Morrow,20,0,4,0,16,112,26,70,16,2
,Sherman,0,0,0,0,0,42,6,33,3,0
,Umatilla,43,0,7,3,33,410,152,207,51,10
,Union,8,0,1,0,7,209,64,129,16,5
,Wasco,22,0,2,1,19,132,32,89,11,0
PENNSYLVANIA - Metropolitan Counties,Allegheny,3,0,0,0,3,0,0,0,0,0
,Berks,5,0,0,0,5,0,0,0,0,0
,Bucks,0,0,0,0,0,1,0,1,0,0
,Erie,5,0,0,0,5,1,0,1,0,0
,Lancaster,1,0,0,0,1,0,0,0,0,0
,Monroe,0,0,0,0,0,0,0,0,0,0
,Montgomery,0,0,0,0,0,0,0,0,0,0
PENNSYLVANIA - Nonmetropolitan Counties,Elk,0,0,0,0,0,0,0,0,0,0
,Snyder,0,0,0,0,0,0,0,0,0,0
,Wayne,0,0,0,0,0,0,0,0,0,0
SOUTH CAROLINA - Metropolitan Counties,Aiken,549,7,74,44,424,"2,639",700,"1,574",365,7
,Anderson,693,12,73,63,545,"4,585",882,"3,073",630,27
,Beaufort,577,6,52,73,446,"1,879",347,"1,384",148,9
,Calhoun,62,0,5,4,53,294,107,146,41,0
,Charleston,280,12,27,32,209,"1,698",356,"1,060",282,6
,Chester,111,3,8,7,93,529,122,362,45,2
,Clarendon,137,3,16,10,108,668,206,412,50,1
,Darlington,386,12,26,39,309,"1,853",674,"1,034",145,10
,Dorchester,292,2,1,33,256,"1,871",380,"1,305",186,1
,Fairfield,154,3,8,8,135,465,130,294,41,3
,Florence,516,12,66,82,356,"2,325",586,"1,512",227,19
,Greenville,"1,705",24,214,250,"1,217","7,923","1,585","5,510",828,52
,Horry,10,0,6,0,4,1,0,0,1,0
,Horry County Police Department,834,8,148,88,590,"6,144","1,089","4,493",562,18
,Kershaw,160,1,26,18,115,"1,201",240,845,116,11
,Lancaster,284,7,52,19,206,"1,677",366,"1,235",76,7
,Laurens,219,4,30,15,170,978,281,547,150,8
,Lexington,554,13,69,87,385,"5,086","1,000","3,324",762,18
,Pickens,228,4,22,8,194,"1,408",383,846,179,7
,Richland,"2,206",21,138,263,"1,784","8,709","1,422","6,137","1,150",38
,Saluda,43,0,8,1,34,198,63,115,20,1
,Spartanburg,"1,042",16,65,83,878,"5,420","1,357","3,487",576,28
,Sumter,384,5,23,30,326,"1,543",421,955,167,6
,York,377,3,46,42,286,"2,565",515,"1,842",208,9
SOUTH CAROLINA - Nonmetropolitan Counties,Allendale,12,0,0,2,10,48,18,26,4,1
,Bamberg,24,0,1,3,20,146,41,87,18,3
,Barnwell,57,1,2,2,52,292,78,174,40,3
,Colleton,214,11,15,15,173,726,201,439,86,8
,Dillon,138,5,6,18,109,576,229,301,46,12
,Georgetown,187,6,17,15,149,986,213,677,96,6
,Hampton,61,0,7,3,51,269,92,164,13,3
,Lee,64,0,1,3,60,306,96,185,25,0
,Marion,71,0,5,13,53,462,120,265,77,2
,Marlboro,106,3,13,6,84,342,115,211,16,4
,McCormick,8,0,0,0,8,77,23,41,13,0
,Newberry,91,4,5,4,78,299,64,214,21,0
,Oconee,199,4,46,13,136,"1,553",351,"1,047",155,22
,Orangeburg,744,16,18,41,669,"2,661",791,"1,502",368,5
,Union,53,0,7,3,43,376,87,256,33,4
SOUTH DAKOTA - Metropolitan Counties,Lincoln,32,1,7,2,22,274,141,113,20,0
,McCook,7,0,2,0,5,19,8,8,3,0
,Meade,26,1,3,1,21,151,50,87,14,1
,Minnehaha,54,0,17,1,36,319,96,172,51,0
,Pennington,122,0,57,2,63,352,76,235,41,1
,Turner,18,0,2,0,16,45,11,26,8,1
,Union,7,0,1,0,6,46,11,33,2,2
SOUTH DAKOTA - Nonmetropolitan Counties,Aurora,5,0,0,0,5,1,1,0,0,0
,Beadle,4,0,0,0,4,7,3,3,1,0
,Bennett,0,0,0,0,0,6,4,0,2,1
,Bon Homme,2,0,0,0,2,13,2,3,8,0
,Brookings,9,1,2,0,6,45,11,33,1,0
,Brown,9,0,2,0,7,40,19,17,4,2
,Brule,3,0,1,0,2,1,0,1,0,0
,Butte,6,0,0,0,6,29,3,26,0,0
,Charles Mix,11,0,3,0,8,19,8,11,0,0
,Clark,1,0,0,0,1,5,0,3,2,0
,Clay,7,0,1,0,6,50,6,32,12,1
,Codington,9,0,0,0,9,16,1,12,3,1
,Corson,1,0,0,0,1,26,10,8,8,1
,Custer,8,0,2,0,6,135,54,74,7,1
,Davison,3,0,0,0,3,14,8,6,0,1
,Day,4,0,1,0,3,33,13,14,6,0
,Deuel,1,0,0,0,1,16,4,10,2,0
,Edmunds,0,0,0,0,0,0,0,0,0,0
,Faulk,0,0,0,0,0,7,4,3,0,0
,Gregory,0,0,0,0,0,7,0,5,2,0
,Hamlin,5,0,1,0,4,29,7,20,2,0
,Hand,4,0,3,0,1,1,0,1,0,0
,Hanson,1,0,0,0,1,10,5,1,4,0
,Hughes,4,0,0,0,4,9,2,5,2,1
,Hutchinson,0,0,0,0,0,6,5,0,1,0
,Jerauld,1,0,0,0,1,9,3,5,1,0
,Jones,0,0,0,0,0,2,1,1,0,0
,Kingsbury,0,0,0,0,0,4,1,3,0,0
,Lake,2,0,1,0,1,19,4,14,1,0
,Lawrence,7,0,1,0,6,39,14,21,4,0
,Lyman,2,0,0,0,2,11,7,3,1,0
,Marshall,6,0,0,0,6,23,8,14,1,0
,McPherson,3,0,0,0,3,18,4,14,0,0
,Mellette,0,0,0,0,0,6,1,5,0,0
,Miner,0,0,0,0,0,6,4,2,0,0
,Moody,3,0,0,0,3,2,2,0,0,1
,Perkins,2,0,2,0,0,10,1,9,0,0
,Potter,3,0,1,0,2,3,0,2,1,0
,Roberts,11,0,1,0,10,7,0,5,2,0
,Sanborn,3,0,0,0,3,7,1,6,0,0
,Spink,13,0,0,0,13,84,26,49,9,0
,Stanley,0,0,0,0,0,10,3,6,1,0
,Sully,4,0,0,0,4,9,7,0,2,2
,Tripp,2,0,1,0,1,4,0,3,1,0
,Walworth,0,0,0,0,0,5,0,5,0,0
,Yankton,7,1,2,0,4,53,10,27,16,0
,Ziebach,0,0,0,0,0,0,0,0,0,0
TENNESSEE - Metropolitan Counties,Anderson,144,0,11,4,129,472,136,253,83,12
,Blount,322,0,55,14,253,"1,103",256,711,136,3
,Bradley,205,1,15,13,176,808,190,508,110,1
,Campbell,62,0,22,1,39,335,106,178,51,2
,Cannon,12,0,1,0,11,96,42,27,27,1
,Carter,63,0,3,3,57,334,67,236,31,0
,Cheatham,87,1,6,2,78,280,57,174,49,2
,Chester,25,1,6,0,18,79,30,37,12,0
,Crockett,29,0,0,1,28,106,35,57,14,0
,Dickson,121,0,15,4,102,334,88,195,51,0
,Fayette,55,1,1,4,49,209,60,121,28,0
,Gibson,56,2,7,3,44,160,51,88,21,0
,Grainger,43,0,3,1,39,160,38,104,18,0
,Hamblen,120,1,11,8,100,462,100,288,74,5
,Hartsville/Trousdale,30,0,5,1,24,142,24,105,13,0
,Hawkins,77,2,6,2,67,587,163,335,89,3
,Jefferson,97,1,14,0,82,428,135,230,63,1
,Knox,577,2,62,30,483,"3,413",588,"2,331",494,15
,Loudon,72,3,3,3,63,375,79,243,53,1
,Macon,41,0,0,0,41,159,54,91,14,1
,Madison,103,0,4,12,87,380,73,251,56,0
,Marion,59,0,3,1,55,220,43,135,42,3
,Maury,140,1,24,1,114,431,94,260,77,3
,Montgomery,104,2,10,1,91,571,136,378,57,2
,Morgan,40,0,3,1,36,320,100,168,52,1
,Polk,25,0,1,2,22,311,61,192,58,3
,Roane,63,2,5,1,55,235,70,123,42,1
,Robertson,75,1,6,1,67,243,48,164,31,2
,Rutherford,205,1,19,16,169,746,153,506,87,10
,Sequatchie,31,0,1,1,29,153,40,84,29,3
,Shelby,569,3,34,72,460,"2,473",551,"1,703",219,11
,Smith,43,0,7,1,35,148,54,82,12,0
,Stewart,18,0,3,0,15,92,35,39,18,0
,Sullivan,228,5,28,7,188,"1,043",225,656,162,12
,Sumner,118,9,11,4,94,404,85,267,52,4
,Tipton,123,0,11,3,109,465,131,273,61,1
,Unicoi,21,0,0,0,21,116,31,75,10,1
,Union,22,1,4,0,17,204,63,116,25,0
,Washington,159,1,10,4,144,762,182,446,134,3
,Williamson,119,2,14,2,101,289,66,196,27,4
,Wilson,85,0,2,4,79,555,105,384,66,1
TENNESSEE - Nonmetropolitan Counties,Bedford,75,0,8,0,67,250,59,165,26,3
,Benton,18,0,6,1,11,114,47,50,17,0
,Bledsoe,11,0,0,0,11,62,16,28,18,1
,Carroll,44,1,7,2,34,154,63,73,18,0
,Claiborne,58,4,3,2,49,283,80,162,41,5
,Clay,14,0,0,2,12,40,18,20,2,0
,Coffee,87,0,6,3,78,403,102,261,40,2
,Cumberland,42,1,1,4,36,737,198,440,99,2
,Decatur,30,0,3,0,27,100,43,43,14,0
,DeKalb,17,1,1,0,15,117,34,68,15,2
,Dyer,18,0,2,0,16,184,51,112,21,0
,Fentress,27,1,3,0,23,189,46,120,23,3
,Franklin,98,3,8,1,86,238,41,163,34,0
,Giles,51,1,7,2,41,184,44,114,26,3
,Greene,168,0,8,5,155,888,258,487,143,12
,Grundy,77,2,7,0,68,245,47,149,49,4
,Hancock,21,0,3,0,18,110,24,74,12,0
,Hardeman,46,0,2,3,41,178,57,92,29,1
,Hardin,35,1,4,2,28,348,121,181,46,1
,Haywood,36,1,2,1,32,133,47,64,22,1
,Henderson,83,0,9,2,72,295,87,161,47,2
,Henry,47,0,8,1,38,298,89,168,41,3
,Hickman,84,0,8,1,75,394,108,201,85,0
,Houston,23,0,0,0,23,75,21,48,6,0
,Humphreys,30,0,0,0,30,93,28,52,13,1
,Jackson,24,1,1,1,21,83,21,50,12,2
,Johnson,34,1,3,2,28,132,41,69,22,0
,Lake,4,0,1,0,3,25,9,12,4,0
,Lauderdale,45,2,3,1,39,192,68,104,20,3
,Lawrence,49,0,5,1,43,267,97,133,37,3
,Lewis,17,0,0,0,17,71,24,40,7,2
,Lincoln,62,0,7,2,53,286,101,152,33,1
,Marshall,28,0,0,1,27,72,10,43,19,0
,McMinn,93,1,8,5,79,549,180,255,114,5
,McNairy,55,1,5,1,48,276,93,145,38,4
,Meigs,61,0,6,4,51,284,78,157,49,7
,Monroe,234,0,10,7,217,873,284,465,124,6
,Moore,7,0,2,0,5,58,4,51,3,0
,Obion,34,0,1,1,32,177,35,114,28,1
,Overton,13,0,1,0,12,135,16,90,29,1
,Perry,13,0,0,0,13,59,14,40,5,2
,Pickett,8,0,2,0,6,28,4,22,2,0
,Putnam,85,0,13,0,72,518,136,317,65,5
,Rhea,67,0,5,2,60,191,57,112,22,0
,Scott,27,1,2,0,24,161,104,41,16,0
,Sevier,153,0,19,10,124,836,203,460,173,1
,Van Buren,3,0,0,0,3,30,3,20,7,0
,Wayne,14,2,0,0,12,93,21,54,18,1
,Weakley,27,0,7,1,19,116,45,53,18,0
,White,55,0,2,5,48,251,45,165,41,8
TEXAS - Metropolitan Counties,Austin,13,0,2,0,11,87,40,29,18,0
,Bandera6,12,0,2,1,9,268,95,143,30,1
,Bastrop,212,6,46,18,142,649,192,349,108,5
,Bell,82,0,27,1,54,631,152,445,34,0
,Bexar,692,13,145,88,446,"5,297",990,"3,801",506,39
,Bowie,102,1,25,2,74,331,131,170,30,6
,Brazoria,170,4,13,34,119,"1,325",306,851,168,3
,Brazos,29,0,13,1,15,306,93,200,13,2
,Burleson,20,1,7,2,10,100,34,63,3,1
,Caldwell6,51,0,6,2,43,88,26,53,9,0
,Callahan,5,0,0,0,5,44,12,22,10,1
,Cameron,162,1,46,15,100,937,298,586,53,4
,Carson,22,1,2,3,16,25,9,15,1,0
,Chambers,93,3,8,8,74,544,132,408,4,4
,Clay,16,0,8,0,8,103,33,49,21,2
,Collin,66,0,22,4,40,338,102,187,49,2
,Comal,135,0,40,9,86,601,179,373,49,0
,Coryell,4,0,0,1,3,54,11,43,0,0
,Dallas,43,0,11,4,28,307,54,206,47,0
,Denton6,95,0,43,7,45,440,88,299,53,3
,Ector,116,4,14,19,79,"1,579",228,985,366,0
,Ellis6,83,1,19,4,59,362,85,238,39,0
,El Paso6,259,1,44,17,197,641,145,395,101,4
,Fort Bend,841,10,119,120,592,"4,643",691,"3,653",299,1
,Galveston,123,2,30,16,75,727,179,454,94,15
,Goliad,22,1,3,2,16,79,19,49,11,0
,Grayson,32,0,15,7,10,401,109,237,55,4
,Gregg,84,3,26,4,51,373,106,212,55,2
,Guadalupe,69,2,32,3,32,424,113,279,32,19
,Hardin,38,1,1,5,31,285,91,148,46,5
,Harris,"7,329",97,860,"2,249","4,123","42,526","7,044","29,466","6,016",85
,Harrison,52,3,0,3,46,445,138,246,61,1
,Hays,111,0,37,12,62,672,141,479,52,1
,Hidalgo6,518,5,139,103,271,"3,241",909,"2,012",320,10
,Hudspeth,8,0,0,0,8,14,3,9,2,1
,Hunt6,350,4,16,9,321,570,166,293,111,0
,Jefferson,59,1,1,8,49,358,78,224,56,1
,Johnson6,205,0,53,4,148,660,167,397,96,3
,Jones,4,0,0,1,3,60,20,35,5,0
,Kaufman,126,2,30,15,79,767,237,425,105,1
,Kendall,19,0,2,2,15,104,23,67,14,2
,Lampasas6,12,1,1,0,10,83,21,55,7,1
,Lubbock,16,1,4,0,11,331,89,191,51,0
,Lynn6,0,0,0,0,0,3,0,3,0,1
,McLennan,69,0,24,0,45,500,149,227,124,5
,Medina,101,2,14,4,81,351,79,202,70,0
,Montgomery,736,12,74,103,547,"4,976","1,052","3,366",558,15
,Nueces,61,1,10,9,41,160,49,108,3,0
,Oldham,0,0,0,0,0,6,4,2,0,0
,Parker,100,2,24,4,70,751,188,474,89,2
,Randall,61,0,26,3,32,249,94,122,33,1
,Robertson,8,1,1,0,6,116,37,65,14,0
,Rockwall,13,0,4,0,9,91,15,50,26,1
,Rusk,33,1,7,2,23,442,145,240,57,2
,San Patricio,37,0,0,4,33,166,60,80,26,0
,Smith,335,7,58,18,252,"1,453",412,800,241,7
,Tarrant6,123,0,28,18,77,742,214,456,72,2
,Taylor,39,0,5,0,34,89,45,37,7,0
,Tom Green,32,1,25,1,5,254,89,140,25,5
,Travis6,790,2,117,71,600,"3,240",762,"2,192",286,16
,Victoria,94,3,19,6,66,399,128,224,47,0
,Wichita,38,0,1,1,36,126,42,62,22,0
,Williamson,152,1,57,4,90,"1,377",295,975,107,9
,Wilson6,20,0,7,0,13,228,94,111,23,3
,Wise,83,2,22,4,55,323,114,170,39,1
TEXAS - Nonmetropolitan Counties,Anderson,30,2,3,2,23,363,150,171,42,0
,Angelina,97,1,27,5,64,567,183,330,54,1
,Aransas,60,0,13,3,44,240,62,164,14,0
,Bailey6,3,0,1,0,2,36,15,20,1,0
,Bee,21,0,3,0,18,159,56,93,10,1
,Borden6,1,0,1,0,0,10,5,4,1,0
,Bosque6,27,0,3,0,24,71,38,24,9,1
,Brewster,7,0,1,0,6,10,4,3,3,0
,Briscoe,0,0,0,0,0,3,2,0,1,0
,Brooks,1,0,0,0,1,0,0,0,0,0
,Brown6,31,0,7,1,23,189,62,114,13,4
,Burnet,54,0,11,2,41,219,65,119,35,2
,Calhoun,22,0,8,0,14,103,26,71,6,0
,Camp6,9,0,2,0,7,67,31,29,7,2
,Cass,32,0,3,1,28,174,61,92,21,5
,Castro,6,0,0,0,6,47,13,26,8,0
,Cherokee,61,1,7,2,51,362,117,198,47,2
,Childress,1,0,0,0,1,7,1,5,1,0
,Cochran6,3,0,0,0,3,27,12,15,0,1
,Coke,2,0,0,0,2,14,10,0,4,0
,Colorado,19,1,7,1,10,117,29,77,11,2
,Comanche,3,0,0,0,3,58,11,41,6,0
,Concho,11,0,0,0,11,8,8,0,0,0
,Cooke6,33,3,8,3,19,100,38,51,11,2
,Crockett,2,0,0,1,1,18,9,5,4,0
,Culberson,0,0,0,0,0,0,0,0,0,0
,Dallam,0,0,0,0,0,1,0,0,1,0
,Dawson6,2,0,0,0,2,64,27,25,12,0
,Deaf Smith,8,0,1,0,7,60,18,32,10,0
,Delta,1,0,0,0,1,27,10,16,1,1
,DeWitt,33,1,7,0,25,120,47,66,7,2
,Dimmit,11,1,2,0,8,139,39,93,7,0
,Donley6,4,2,0,0,2,30,12,16,2,0
,Duval,12,0,0,0,12,104,24,41,39,0
,Eastland6,5,2,2,0,1,22,9,5,8,0
,Edwards,2,0,1,0,1,5,1,2,2,2
,Erath6,50,2,9,2,37,93,52,30,11,0
,Fannin,42,1,8,0,33,194,51,114,29,1
,Fayette,11,0,6,1,4,123,41,76,6,0
,Floyd6,12,0,0,1,11,25,5,19,1,2
,Freestone6,22,0,3,3,16,131,55,68,8,2
,Frio,9,0,0,0,9,60,17,34,9,0
,Gaines,11,2,2,1,6,88,29,49,10,10
,Garza,15,0,5,0,10,30,17,11,2,0
,Gillespie,12,1,3,0,8,55,6,46,3,1
,Gonzales,25,0,7,0,18,116,27,83,6,2
,Gray6,15,0,1,2,12,59,19,36,4,0
,Hale,16,0,0,0,16,64,25,38,1,1
,Hall,3,1,0,0,2,7,2,5,0,0
,Hamilton6,4,0,2,0,2,15,4,8,3,0
,Hansford6,1,0,0,0,1,11,4,3,4,0
,Hardeman,5,0,0,0,5,13,3,10,0,0
,Hartley,0,0,0,0,0,10,3,3,4,0
,Haskell,1,0,0,0,1,8,2,6,0,0
,Hemphill6,2,0,0,0,2,13,1,12,0,0
,Henderson,141,2,58,5,76,584,281,242,61,0
,Hill,31,1,12,1,17,234,56,154,24,2
,Hockley6,13,0,2,2,9,71,30,34,7,0
,Hood,55,0,11,2,42,356,99,205,52,2
,Hopkins6,27,1,9,0,17,61,17,26,18,0
,Houston,2,0,0,0,2,102,43,53,6,0
,Howard6,53,0,4,0,49,273,53,172,48,4
,Hutchinson,11,0,3,0,8,71,26,42,3,0
,Jack,9,0,0,2,7,36,15,13,8,0
,Jackson,6,0,1,0,5,51,10,34,7,0
,Jasper,72,2,18,2,50,403,155,197,51,1
,Jim Hogg6,5,0,0,0,5,20,10,7,3,1
,Karnes6,3,1,0,0,2,99,45,42,12,0
,Kenedy,0,0,0,0,0,8,2,3,3,0
,Kerr,51,0,21,0,30,199,51,133,15,2
,Kimble,2,0,1,1,0,4,2,2,0,1
,Kinney,0,0,0,0,0,1,1,0,0,0
,Lamar,28,1,9,1,17,135,39,88,8,0
,Lamb,6,0,2,1,3,61,24,31,6,0
,La Salle,5,0,0,1,4,44,7,37,0,0
,Lavaca,10,2,2,0,6,63,16,41,6,0
,Lee6,25,0,2,1,22,86,28,49,9,0
,Leon,11,0,0,0,11,116,36,70,10,0
,Limestone,14,0,2,0,12,76,63,10,3,0
,Llano6,29,1,3,0,25,145,41,88,16,2
,Madison6,8,0,0,1,7,66,34,15,17,0
,Mason6,8,0,1,0,7,10,4,5,1,0
,Matagorda,62,0,19,6,37,332,91,214,27,0
,McCulloch6,3,0,0,0,3,41,17,19,5,0
,Menard,3,0,0,1,2,1,1,0,0,0
,Milam,13,0,2,0,11,87,19,60,8,1
,Mills6,14,0,1,0,13,20,11,9,0,0
,Mitchell,1,0,0,0,1,25,5,15,5,0
,Montague6,33,0,7,0,26,83,28,48,7,0
,Moore6,6,1,0,0,5,39,12,20,7,0
,Morris,10,0,4,2,4,72,21,48,3,0
,Nacogdoches,58,2,10,1,45,270,85,148,37,1
,Navarro,58,1,15,3,39,242,105,118,19,2
,Newton6,22,0,1,1,20,98,49,38,11,2
,Nolan6,4,0,0,0,4,31,10,21,0,1
,Ochiltree6,0,0,0,0,0,22,7,12,3,0
,Palo Pinto6,9,0,4,1,4,68,22,34,12,0
,Panola,26,1,12,3,10,260,75,165,20,2
,Pecos,1,0,0,0,1,98,15,66,17,0
,Polk,76,5,33,7,31,671,212,379,80,8
,Rains,8,0,0,0,8,48,19,24,5,0
,Reagan,7,0,0,0,7,32,11,18,3,0
,Real,3,0,0,0,3,59,15,39,5,1
,Refugio,3,0,2,0,1,52,30,19,3,0
,Roberts6,0,0,0,0,0,2,1,1,0,0
,Runnels,1,0,0,0,1,11,5,6,0,0
,Sabine6,14,0,5,0,9,73,39,24,10,0
,San Augustine6,13,0,1,0,12,57,34,16,7,0
,San Jacinto,44,0,26,1,17,330,115,173,42,0
,Schleicher6,4,0,0,0,4,13,6,6,1,0
,Scurry,7,0,2,0,5,44,15,28,1,0
,Shelby,40,1,0,2,37,189,61,90,38,3
,Sherman,0,0,0,0,0,3,2,1,0,0
,Somervell,4,0,0,0,4,30,11,16,3,0
,Starr,79,1,11,6,61,232,72,126,34,3
,Stephens,1,0,1,0,0,21,9,9,3,0
,Stonewall,1,0,0,0,1,0,0,0,0,0
,Sutton6,0,0,0,0,0,1,0,0,1,0
,Swisher6,7,0,1,1,5,24,7,13,4,0
,Terry,1,0,0,0,1,30,15,9,6,0
,Titus6,50,0,3,3,44,162,55,88,19,2
,Tyler6,67,5,6,1,55,252,121,92,39,4
,Upton6,2,0,0,0,2,31,3,25,3,0
,Uvalde,16,1,0,0,15,85,30,46,9,2
,Val Verde,29,0,3,1,25,87,41,41,5,0
,Walker6,52,0,11,3,38,186,61,93,32,2
,Ward,27,0,3,3,21,218,38,173,7,0
,Washington,50,0,11,2,37,140,47,79,14,1
,Wharton,68,0,12,4,52,230,73,127,30,2
,Wheeler6,5,0,0,0,5,11,1,7,3,0
,Wilbarger6,2,0,2,0,0,13,2,10,1,0
,Willacy6,24,0,8,0,16,123,43,75,5,1
,Winkler,9,1,2,0,6,80,10,55,15,0
,Wood,75,0,39,6,30,225,65,127,33,0
,Yoakum,3,0,1,0,2,18,9,5,4,0
,Young6,12,0,7,1,4,35,16,13,6,0
,Zapata,52,0,1,5,46,183,76,105,2,0
,Zavala,12,0,4,0,8,32,19,8,5,0
UTAH - Metropolitan Counties,Box Elder6,12,1,5,0,6,131,40,81,10,0
,Cache,32,0,23,1,8,150,15,95,40,4
,Davis,50,0,14,1,35,213,28,173,12,0
,Juab,3,0,1,0,2,54,8,39,7,0
,Morgan4,4,0,2,0,2,,,21,3,0
,Salt Lake County Unified Police Department,731,5,156,145,425,"8,002",983,"6,028",991,20
,Tooele,12,0,4,1,7,218,25,173,20,1
,Utah,87,2,30,3,52,323,38,260,25,2
,Washington,28,1,5,3,19,138,31,94,13,0
,Weber,94,0,32,6,56,963,291,583,89,2
UTAH - Nonmetropolitan Counties,Carbon,10,0,5,0,5,93,25,63,5,0
,Grand,16,0,1,1,14,79,5,70,4,0
,Iron6,49,0,8,0,41,119,37,65,17,1
,Kane,7,0,0,0,7,24,6,13,5,0
,Millard,20,1,4,0,15,213,34,154,25,0
,Rich,3,0,0,0,3,18,1,17,0,0
,San Juan,6,1,1,1,3,38,7,25,6,0
,Sanpete,21,0,4,1,16,94,21,65,8,2
,Sevier6,8,0,2,0,6,98,17,73,8,1
,Summit,33,0,2,4,27,399,58,320,21,0
,Uintah,55,0,22,1,32,158,48,91,19,4
,Wasatch,31,0,20,0,11,91,14,67,10,0
VERMONT - Metropolitan Counties,Franklin,6,0,1,0,5,26,7,18,1,0
,Grand Isle,4,0,0,1,3,27,8,16,3,0
VERMONT - Nonmetropolitan Counties,Bennington,2,0,1,0,1,6,1,4,1,0
,Caledonia,2,0,0,0,2,1,0,1,0,0
,Essex,0,0,0,0,0,18,7,10,1,0
,Lamoille,9,0,2,0,7,59,3,56,0,0
,Orange,6,0,6,0,0,18,3,15,0,0
,Orleans,0,0,0,0,0,75,6,68,1,0
,Rutland,2,0,0,0,2,13,2,11,0,0
,Washington,1,0,0,0,1,1,0,1,0,0
,Windham,2,0,0,0,2,23,5,18,0,0
,Windsor,0,0,0,0,0,15,12,3,0,0
VIRGINIA - Metropolitan Counties,Albemarle County Police Department,116,2,28,14,72,"1,267",113,"1,104",50,6
,Amelia,26,0,3,4,19,172,35,107,30,1
,Amherst,74,5,7,5,57,356,36,296,24,2
,Appomattox,20,0,5,2,13,85,9,76,0,0
,Arlington County Police Department,298,2,55,92,149,"3,085",158,"2,721",206,6
,Augusta,90,0,15,5,70,801,182,539,80,3
,Bedford,63,1,13,2,47,475,95,349,31,1
,Botetourt,29,0,5,1,23,247,47,182,18,2
,Charles City,4,1,2,0,1,40,13,23,4,0
,Chesterfield County Police Department,458,12,115,146,185,"5,841",642,"4,887",312,30
,Clarke,6,0,2,0,4,64,11,49,4,1
,Craig,5,0,1,0,4,17,1,12,4,0
,Dinwiddie,86,0,9,10,67,294,43,229,22,5
,Fairfax County Police Department,957,14,167,346,430,"13,279",619,"11,822",838,30
,Fauquier,40,1,14,1,24,284,30,246,8,1
,Fluvanna,33,1,14,0,18,160,23,128,9,1
,Franklin,56,2,14,4,36,565,98,384,83,3
,Frederick,80,0,17,13,50,910,97,748,65,1
,Giles,12,0,2,0,10,127,36,76,15,0
,Gloucester,32,1,10,9,12,399,20,359,20,1
,Goochland,13,1,7,0,5,160,17,135,8,1
,Greene,19,1,10,0,8,195,21,164,10,3
,Hanover,168,0,28,7,133,884,52,796,36,10
,Henrico County Police Department,456,7,42,120,287,"7,887",561,"6,833",493,17
,Isle of Wight,23,0,3,0,20,200,27,158,15,3
,James City County Police Department,83,0,12,13,58,696,44,633,19,0
,King and Queen,13,0,1,1,11,30,2,27,1,2
,King William,13,0,1,2,10,85,14,68,3,0
,Loudoun,393,0,168,36,189,"2,309",136,"2,019",154,24
,Madison,12,0,7,0,5,67,7,52,8,0
,Mathews,5,0,2,0,3,57,15,39,3,2
,Montgomery,61,0,11,6,44,308,53,223,32,2
,Nelson,26,0,8,0,18,166,27,123,16,0
,New Kent,40,3,6,3,28,198,16,180,2,0
,Powhatan,25,0,13,2,10,284,41,234,9,0
,Prince George County Police Department,73,0,15,6,52,339,35,280,24,1
,Prince William County Police Department,787,14,147,155,471,"4,723",425,"3,954",344,13
,Pulaski,51,0,18,2,31,728,76,629,23,6
,Rappahannock,4,0,1,0,3,16,2,13,1,0
,Roanoke County Police Department,187,0,25,22,140,"1,207",146,979,82,0
,Rockingham,41,0,25,1,15,369,88,265,16,4
,Scott,21,0,8,4,9,201,39,140,22,3
,Southampton,19,2,10,0,7,203,42,138,23,3
,Spotsylvania,168,4,31,32,101,803,69,671,63,1
,Stafford,338,6,73,47,212,"1,427",156,"1,203",68,7
,Sussex,8,1,0,2,5,74,23,46,5,3
,Warren,34,1,20,1,12,154,14,135,5,4
,Washington,37,3,10,4,20,603,92,456,55,2
,York,78,0,20,7,51,875,50,793,32,5
VIRGINIA - Nonmetropolitan Counties,Accomack,100,6,10,25,59,333,81,243,9,2
,Alleghany,14,0,5,1,8,88,25,59,4,2
,Bath,3,0,0,0,3,7,0,7,0,1
,Bland,5,0,1,0,4,37,7,26,4,1
,Brunswick,9,0,1,1,7,81,17,59,5,3
,Buchanan,47,1,11,4,31,281,51,199,31,4
,Buckingham,13,1,5,0,7,122,31,80,11,2
,Caroline,58,0,14,4,40,223,25,198,0,5
,Carroll,36,3,5,0,28,166,27,117,22,0
,Charlotte,20,0,5,3,12,122,29,77,16,1
,Cumberland,11,1,0,1,9,41,9,27,5,1
,Dickenson,17,2,0,0,15,33,5,20,8,1
,Essex,19,0,0,0,19,44,17,17,10,0
,Floyd,19,2,9,0,8,82,16,59,7,2
,Grayson,26,3,6,0,17,169,35,103,31,2
,Greensville,10,0,4,2,4,79,20,56,3,0
,Halifax,45,2,14,8,21,209,56,137,16,4
,Henry,126,2,18,22,84,"1,115",220,785,110,10
,Highland,0,0,0,0,0,11,1,9,1,0
,King George,29,0,7,2,20,213,34,159,20,0
,Lancaster,29,1,8,0,20,50,10,38,2,0
,Lee,27,1,5,2,19,122,12,109,1,1
,Louisa,39,5,10,2,22,333,32,271,30,4
,Lunenburg,17,3,3,1,10,40,18,20,2,0
,Mecklenburg,53,1,22,0,30,185,45,126,14,3
,Middlesex,13,1,4,0,8,112,18,89,5,4
,Northampton,12,0,2,2,8,53,11,34,8,0
,Northumberland,20,1,6,0,13,70,21,45,4,2
,Nottoway,15,1,3,1,10,71,16,46,9,0
,Orange,23,0,12,1,10,125,17,97,11,0
,Page,29,0,9,2,18,152,34,110,8,1
,Patrick,37,0,11,3,23,284,62,201,21,3
,Pittsylvania,79,9,18,10,42,425,107,292,26,2
,Prince Edward,19,0,5,2,12,57,16,37,4,0
,Rockbridge,32,1,7,0,24,238,60,164,14,1
,Russell,54,2,16,2,34,159,35,112,12,3
,Shenandoah,46,2,7,0,37,237,54,174,9,0
,Smyth,29,0,12,1,16,186,27,139,20,2
,Surry,3,0,1,0,2,16,2,11,3,0
,Tazewell,36,1,18,3,14,288,39,221,28,4
,Westmoreland,12,0,4,0,8,68,15,50,3,2
,Wise,64,1,39,3,21,249,51,163,35,5
,Wythe,26,3,15,2,6,193,31,139,23,3
WASHINGTON - Metropolitan Counties,Asotin,15,1,4,0,10,126,28,91,7,0
,Benton,73,2,6,5,60,386,81,259,46,5
,Chelan,43,0,3,0,40,322,90,219,13,0
,Clark,230,4,64,27,135,"2,189",402,"1,410",377,10
,Cowlitz,64,3,23,1,37,285,85,150,50,5
,Douglas,15,0,9,1,5,225,59,141,25,1
,Franklin,16,1,1,4,10,126,45,68,13,3
,King,607,5,64,176,362,"3,621",796,"2,132",693,77
,Kitsap,445,3,115,28,299,"3,036",590,"2,196",250,4
,Pierce,"1,152",9,144,183,816,"6,822","1,718","4,029","1,075",48
,Skagit,74,0,11,13,50,757,222,474,61,1
,Skamania,12,1,3,0,8,132,32,88,12,2
,Snohomish,535,1,82,74,378,"4,328",917,"2,619",792,30
,Spokane,195,5,51,20,119,"2,666",555,"1,900",211,11
,Stevens,35,1,8,2,24,338,115,176,47,2
,Thurston,246,3,27,19,197,"1,546",545,808,193,11
,Walla Walla,20,1,4,1,14,266,88,152,26,2
,Yakima,153,8,31,17,97,"1,466",383,759,324,7
WASHINGTON - Nonmetropolitan Counties,Adams,18,0,4,0,14,93,36,45,12,2
,Clallam,49,1,14,3,31,461,119,315,27,1
,Columbia,9,0,1,0,8,72,22,46,4,1
,Ferry,3,0,2,1,0,26,4,19,3,0
,Grant,95,0,25,6,64,837,179,537,121,16
,Grays Harbor,47,1,18,1,27,250,96,134,20,2
,Island,56,1,14,1,40,373,124,230,19,2
,Jefferson,33,0,4,3,26,222,91,117,14,1
,Kittitas,8,1,3,0,4,142,43,88,11,0
,Klickitat,4,1,0,0,3,76,68,5,3,0
,Lewis,86,2,22,3,59,473,146,269,58,1
,Lincoln,10,0,3,0,7,87,26,51,10,5
,Mason,85,0,11,9,65,956,334,510,112,2
,Okanogan,38,1,12,0,25,158,43,106,9,2
,Pacific,21,0,0,2,19,137,59,71,7,1
,Pend Oreille,5,0,2,0,3,140,35,93,12,0
,San Juan,9,0,0,0,9,105,20,76,9,0
,Wahkiakum,4,0,2,0,2,32,9,20,3,0
,Whitman,7,0,0,0,7,35,13,14,8,0
WEST VIRGINIA - Metropolitan Counties,Berkeley,55,2,5,0,48,88,5,81,2,0
,Brooke,4,0,3,0,1,7,1,6,0,1
,Fayette,49,2,0,2,45,347,108,194,45,5
,Hampshire,25,0,2,1,22,118,42,61,15,1
,Hancock,7,0,1,0,6,2,0,2,0,0
,Jackson,44,0,3,0,41,26,7,14,5,1
,Jefferson,40,1,8,7,24,214,27,167,20,1
,Kanawha,380,10,31,13,326,"1,361",463,688,210,17
,Marshall,9,0,0,0,9,67,25,35,7,0
,Mineral,2,0,0,0,2,40,8,32,0,0
,Monongalia,136,0,10,2,124,487,161,297,29,1
,Morgan,59,0,4,2,53,71,15,50,6,0
,Preston,10,1,3,3,3,133,2,119,12,0
,Wirt,14,0,1,0,13,22,12,8,2,0
,Wood,105,3,10,4,88,489,146,292,51,4
WEST VIRGINIA - Nonmetropolitan Counties,Calhoun,0,0,0,0,0,10,3,5,2,0
,Doddridge,1,0,0,1,0,32,15,17,0,0
,Greenbrier,14,1,2,1,10,63,26,32,5,1
,Hardy,33,0,0,0,33,13,5,5,3,0
,Lewis,3,0,0,1,2,22,10,6,6,0
,Logan,131,1,4,0,126,4,0,4,0,3
,McDowell,3,0,0,0,3,4,3,1,0,1
,Mercer,83,4,8,10,61,306,106,163,37,7
,Monroe,1,0,1,0,0,33,11,18,4,0
,Nicholas,120,0,4,0,116,13,0,13,0,2
,Randolph,80,0,4,0,76,174,66,102,6,3
,Roane,4,0,0,0,4,2,0,2,0,1
,Summers,10,0,0,0,10,25,3,17,5,0
,Upshur,3,0,2,0,1,11,1,9,1,0
,Wetzel,41,0,2,0,39,22,9,8,5,1
,Wyoming,66,0,1,1,64,70,24,39,7,0
WISCONSIN - Metropolitan Counties,Brown,83,1,28,3,51,623,36,557,30,2
,Calumet,10,0,4,0,6,74,12,53,9,0
,Chippewa,53,4,22,0,27,199,48,141,10,1
,Columbia,34,1,8,0,25,201,47,136,18,2
,Dane,98,0,20,5,73,684,181,453,50,2
,Douglas,15,0,5,2,8,156,45,99,12,0
,Eau Claire,29,0,16,0,13,192,65,108,19,1
,Fond du Lac,26,0,9,1,16,204,102,92,10,0
,Green6,7,0,3,0,4,56,8,45,3,0
,Iowa,8,0,1,0,7,43,11,31,1,0
,Kenosha,50,0,12,7,31,253,26,216,11,6
,Kewaunee,13,0,3,0,10,42,7,34,1,0
,La Crosse,15,0,2,0,13,126,39,78,9,0
,Lincoln,38,0,4,0,34,56,17,36,3,1
,Marathon6,41,0,8,4,29,319,45,264,10,0
,Milwaukee,107,2,7,5,93,92,0,68,24,1
,Oconto,19,0,4,1,14,212,80,124,8,0
,Outagamie,37,0,8,0,29,265,82,165,18,3
,Ozaukee,13,0,8,0,5,76,18,51,7,0
,Pierce,4,0,0,0,4,99,29,67,3,2
,Rock,56,0,16,4,36,244,57,163,24,1
,Sheboygan,27,0,4,1,22,271,22,233,16,1
,St. Croix,22,0,1,1,20,278,82,182,14,1
,Washington,7,0,5,1,1,192,37,148,7,0
,Waukesha,58,0,1,0,57,305,37,250,18,0
,Winnebago,18,0,3,1,14,155,45,97,13,0
WISCONSIN - Nonmetropolitan Counties,Adams,21,0,0,0,21,255,109,134,12,2
,Ashland,22,0,3,0,19,41,11,29,1,0
,Barron,20,1,13,0,6,127,35,83,9,2
,Bayfield,19,0,3,0,16,80,33,40,7,0
,Buffalo,4,0,1,0,3,6,1,3,2,0
,Burnett,20,0,4,0,16,237,78,144,15,3
,Clark,14,0,1,0,13,97,25,57,15,3
,Crawford,25,0,2,0,23,90,10,79,1,0
,Dodge,39,0,14,3,22,149,16,123,10,0
,Door,10,0,4,0,6,57,10,44,3,0
,Dunn,47,0,6,1,40,82,17,51,14,0
,Florence6,11,0,1,0,10,16,0,15,1,0
,Forest,8,0,2,0,6,52,9,37,6,2
,Grant,38,1,10,0,27,133,34,84,15,1
,Green Lake,4,0,2,0,2,49,4,41,4,0
,Iron,7,0,0,0,7,42,1,38,3,0
,Jackson,11,0,1,2,8,131,35,78,18,0
,Jefferson,35,0,1,2,32,231,58,162,11,0
,Juneau,50,1,10,0,39,141,49,83,9,0
,Manitowoc,32,0,1,0,31,131,35,91,5,0
,Marinette,10,1,4,2,3,198,81,105,12,1
,Marquette,9,1,1,1,6,69,10,57,2,1
,Monroe,30,0,0,0,30,101,26,59,16,1
,Oneida,28,0,7,0,21,150,37,107,6,1
,Pepin,6,0,4,0,2,30,7,23,0,0
,Polk,35,0,15,2,18,167,34,110,23,0
,Portage,40,0,10,0,30,138,56,75,7,1
,Price,4,0,0,0,4,73,33,38,2,0
,Rusk,13,0,4,1,8,44,14,27,3,0
,Sauk,27,2,13,4,8,304,103,181,20,0
,Sawyer,38,0,7,0,31,105,21,79,5,0
,Taylor,21,0,5,0,16,56,7,48,1,0
,Trempealeau,11,0,0,0,11,82,17,60,5,0
,Vernon,3,1,0,0,2,77,12,58,7,0
,Vilas,4,0,0,0,4,101,20,76,5,0
,Walworth,10,0,3,2,5,152,65,79,8,1
,Washburn,19,0,6,0,13,123,51,63,9,0
,Waupaca,52,0,8,0,44,298,58,221,19,0
,Waushara,36,1,3,1,31,158,42,102,14,1
,Wood,18,1,14,0,3,123,27,85,11,1
WYOMING - Metropolitan Counties,Natrona,48,0,10,2,36,145,50,79,16,1
WYOMING - Nonmetropolitan Counties,Albany,6,0,1,0,5,28,4,22,2,0
,Big Horn,3,0,2,0,1,20,3,16,1,1
,Campbell,73,0,8,0,65,118,19,83,16,0
,Carbon,9,0,1,0,8,38,4,33,1,0
,Converse,11,0,0,0,11,34,1,32,1,0
,Crook,4,0,1,0,3,17,2,14,1,0
,Fremont,13,0,4,0,9,183,22,144,17,0
,Goshen,10,0,1,0,9,27,9,16,2,0
,Hot Springs,2,0,0,0,2,8,1,7,0,0
,Johnson,4,0,1,0,3,22,5,13,4,0
,Lincoln,16,0,7,0,9,119,37,77,5,1
,Niobrara,4,0,0,0,4,10,2,8,0,0
,Park6,13,0,8,0,5,67,20,43,4,1
,Platte,0,0,0,0,0,44,8,32,4,0
,Sheridan,3,0,0,0,3,47,7,31,9,0
,Sublette,3,0,0,0,3,45,2,40,3,0
,Sweetwater,16,0,4,0,12,83,16,58,9,1
,Uinta,2,0,0,0,2,40,5,34,1,0
,Washakie,2,0,1,0,1,22,3,13,6,0
,Weston,0,0,0,0,0,1,0,0,1,0
1 The figures shown in this column for the offense of rape were reported using only the revised Uniform Crime Reporting (UCR) definition of rape. See the data declaration for further explanation. ,,,,,,,,,,,
2 The FBI does not publish arson data unless it receives data from either the agency or the state for all 12 months of the calendar year.,,,,,,,,,,,
3 Limited data for 2019 were available for Alabama. ,,,,,,,,,,,
"4 The FBI determined that the agency's data were overreported. Consequently, those data are not included in this table.",,,,,,,,,,,
5 The Tulare County Highway Patrol collects the motor vehicle thefts for this county. These data can be found in Table 11. ,,,,,,,,,,,
"6 Because of changes in the state/local agency's reporting practices, figures are not comparable to previous years' data. ",,,,,,,,,,,
"7 The FBI determined that the agency's data were underreported. Consequently, those data are not included in this table.",,,,,,,,,,,
"8 This agency submits rape data classified according to the legacy UCR definition; therefore, the rape offense and violent crime total, which rape is a part of, is not included in this table. See the data declaration for further explanation. ",,,,,,,,,,,
